宜蘭縣,宜蘭市,民權派出所,宜蘭市光復路50號,03-9323105
宜蘭縣,宜蘭市,新民派出所,宜蘭市新民路143號,03-9323108
宜蘭縣,宜蘭市,延平派出所,宜蘭市東港路22號,03-9381784
宜蘭縣,宜蘭市,民族派出所,宜蘭市三清路33號,03-9322223
宜蘭縣,宜蘭市,中山派出所,宜蘭市中山路三段219號,03-9323107
宜蘭縣,宜蘭市,新生派出所,宜蘭市中山路五段156號,03-9284087
宜蘭縣,宜蘭市,進士派出所,宜蘭市縣政北路5號,03-9252219
宜蘭縣,員山鄉,員山分駐所,宜蘭縣員山鄉員山路一段205號,03-9222015
宜蘭縣,員山鄉,枕山派出所,宜蘭縣員山鄉永同路三段18號,03-9221993
宜蘭縣,員山鄉,大湖派出所,宜蘭縣員山鄉大安路120號,03-9221995
宜蘭縣,員山鄉,惠好派出所,宜蘭縣員山鄉尚惠路36號,03-9221994
宜蘭縣,員山鄉,內城派出所,宜蘭縣員山鄉員山路二段205號,03-9221996
宜蘭縣,礁溪鄉,礁溪派出所,宜蘭縣礁溪鄉中山路2段157號,03-9882214
宜蘭縣,礁溪鄉,三城派出所,宜蘭縣礁溪鄉三民村礁溪路3段195號,03-9881961
宜蘭縣,礁溪鄉,四城派出所,宜蘭縣礁溪鄉吳沙村礁溪路1段157號,03-9284072
宜蘭縣,礁溪鄉,龍潭派出所,宜蘭縣礁溪鄉龍潭村大坡路5號,03-9285514
宜蘭縣,壯圍鄉,壯圍分駐所,宜蘭縣壯圍鄉古結村壯五路158號,03-9382162
宜蘭縣,壯圍鄉,忠孝派出所,宜蘭縣壯圍鄉忠孝村順和路77號,03-9301984
宜蘭縣,壯圍鄉,美城派出所,宜蘭縣壯圍鄉美城村大福路3段38號,03-9303691
宜蘭縣,壯圍鄉,大福派出所,宜蘭縣壯圍鄉大福村壯濱路6段200號,03-9301994
宜蘭縣,頭城鎮,頭城分駐所,宜蘭縣頭城鎮武營里開蘭路283號,03-9771125
宜蘭縣,頭城鎮,二城派出所,宜蘭縣頭城鎮二城里青雲路2段145號,03-9882654
宜蘭縣,頭城鎮,福成派出所,宜蘭縣頭城鎮福城里宜三路二段439號,03-9771896
宜蘭縣,頭城鎮,大溪派出所,宜蘭縣頭城鎮大溪里濱海路五段187號,03-9781205
宜蘭縣,頭城鎮,大里派出所,宜蘭縣頭城鎮大里里大里路94號,03-9781139
宜蘭縣,羅東鎮,公正派出所,宜蘭縣羅東鎮公正路159號,03-9542029
宜蘭縣,羅東鎮,成功派出所,宜蘭縣羅東鎮興東南路46號,03-9542471
宜蘭縣,羅東鎮,開羅派出所,宜蘭縣羅東鎮南昌東街3號,03-9542121
宜蘭縣,冬山鄉,冬山分駐所,宜蘭縣冬山鄉冬山路168號,03-9591651
宜蘭縣,冬山鄉,順安派出所,宜蘭縣冬山鄉義成路二段394號,03-9581804
宜蘭縣,冬山鄉,廣興派出所,宜蘭縣冬山鄉廣興路193號,03-9512210
宜蘭縣,五結鄉,五結分駐所,宜蘭縣五結鄉國民路17號,03-9504381
宜蘭縣,五結鄉,二結派出所,宜蘭縣五結鄉西河路1號,03-9653901
宜蘭縣,五結鄉,利澤派出所,宜蘭縣五結鄉利澤路06號,03-9503512
宜蘭縣,五結鄉,孝威派出所,宜蘭縣五結鄉孝威西路14之2號,03-9503506
宜蘭縣,蘇澳鎮,蘇澳派出所,宜蘭縣蘇澳鎮中山路一段252號,03-9962126
宜蘭縣,蘇澳鎮,南方澳派出所,宜蘭縣蘇澳鎮漁港路84號,03-9963580
宜蘭縣,蘇澳鎮,馬賽派出所,宜蘭縣蘇澳鎮隘丁路12號,03-9902604
宜蘭縣,蘇澳鎮,新城派出所,宜蘭縣蘇澳鎮中山路二段493號,03-9969827
宜蘭縣,蘇澳鎮,港邊派出所,宜蘭縣蘇澳鎮港邊里濱海路一段195號,03-9905608
宜蘭縣,南澳鄉,東澳派出所,宜蘭縣南澳鄉東岳村蘇花路三段161號,03-9986080
宜蘭縣,南澳鄉,碧候派出所,宜蘭縣南澳鄉碧侯村信義路陽明巷78號,03-9981903
宜蘭縣,南澳鄉,金岳派出所,宜蘭縣南澳鄉金岳村金岳路10號,03-9981901
宜蘭縣,南澳鄉,武塔派出所,宜蘭縣南澳鄉武塔村新溪路5號,03-9981902
宜蘭縣,南澳鄉,金洋派出所,宜蘭縣南澳鄉金洋村金洋路9號,03-9981459
宜蘭縣,南澳鄉,澳花派出所,宜蘭縣南澳鄉中央路50號,03-9985152
宜蘭縣,南澳鄉,南澳分駐所,宜蘭縣南澳鄉南澳村蘇花路二段373號,03-9981120
宜蘭縣,三星鄉,三星派出所,宜蘭縣三星鄉三星路5段6號,03-9892561
宜蘭縣,三星鄉,大隱派出所,宜蘭縣三星鄉三星路2段350號,03-9898910
宜蘭縣,三星鄉,大洲派出所,宜蘭縣三星鄉上將路2段468號,03-9573517
宜蘭縣,三星鄉,福山派出所,宜蘭縣三星鄉天福村三星路七段310號,03-9893224
宜蘭縣,大同鄉,大同分駐所,宜蘭縣大同鄉崙埤村朝陽39號,03-9801176
宜蘭縣,大同鄉,英士派出所,宜蘭縣大同鄉梵梵巷72號,03-9801325
宜蘭縣,大同鄉,牛鬥派出所,宜蘭縣大同鄉復興村泰雅1路牛鬥巷52號,03-9891731
宜蘭縣,大同鄉,寒溪派出所,宜蘭縣大同鄉寒溪巷65之2號,03-9517465
宜蘭縣,大同鄉,明池派出所,宜蘭縣大同鄉 太平村黑帽巷6號,03-9801727
宜蘭縣,大同鄉,四季派出所,宜蘭縣大同鄉和勳巷12號,03-9809435
宜蘭縣,大同鄉,南山派出所,宜蘭縣大同鄉埤南巷7號,03-9809175
宜蘭縣,大同鄉,太平山派出所,宜蘭縣大同鄉太平巷94之2號,03-9809802
宜蘭縣,宜蘭市,原點．宜蘭旅行Cafe,宜蘭縣宜蘭市宜中路145號,03-9310430
宜蘭縣,礁溪鄉,寶島眼鏡礁溪店,宜蘭縣礁溪鄉中山路二段169號,03-9880600
宜蘭縣,壯圍鄉,龜山朝日餐廳園區,宜蘭縣壯圍鄉壯濱路6段276巷18號,03-9305699
宜蘭縣,壯圍鄉,兩成商店,宜蘭縣壯圍鄉功勞村功勞路19-1號,03-9301388
宜蘭縣,頭城鎮,山蘭名產城,宜蘭縣頭城鎮頭濱路二段556號,03-9774610
宜蘭縣,頭城鎮,東森海洋溫泉酒店,宜蘭縣頭城鎮濱海路四段36號,0800-088568
宜蘭縣,頭城鎮,頡昇電動車頭城店,宜蘭縣頭城鎮沙成路52號,03-9311089
宜蘭縣,頭城鎮,礁溪9號咖啡外澳館,宜蘭縣頭城鎮濱海路二段6號,03-9789799
宜蘭縣,羅東鎮,連興文具印刷,宜蘭縣羅東鎮中正北路175號,03-9564635
宜蘭縣,蘇澳鎮,海洋20M咖啡,宜蘭縣蘇澳鎮造船路108號,03-9973818
宜蘭縣,三星鄉,頡昇電動車耕莘店,宜蘭縣三星鄉中興路172號,03-9891111
基隆市,仁愛區,第一分局,基隆市仁愛區仁五路22號,02-24222741
基隆市,信義區,第二分局,基隆市信義區信二路193號,02-24222742
基隆市,七堵區,第三分局,基隆市七堵區明德一路142號,02-24558843
基隆市,中山區,第四分局,基隆市中山區西定路1號,02-24225477
基隆市,信義區,泉利米香食品有限公司,基隆市信義區信二路219號,02-24202096
基隆市,七堵區,苓蘭生態農園,基隆市七堵區瑪陵坑大華三路104-7號,02-24567258
基隆市,七堵區,金明昌休閒農場,基隆市七堵區大華二路162-1號,02-24563667
基隆市,中山區,私人島嶼,基隆市中山區湖海路一段37號,02-24286978
基隆市,中正區,藍媽媽海藻食品行,基隆市中正區平一路50號,02-24627178
基隆市,中正區,新貨,基隆市中正區漁港三街76號,02-24694872
基隆市,暖暖區,暖暖小館,基隆市暖暖區暖暖街159號,02-24588106
基隆市,中正區,基隆市原住民文化會館,基隆市中正區正濱路116巷75號,0937-848521
基隆市,安樂區,海之鮇文化館,基隆市安樂區武訓街8號,02-2433-1981#11
新北市,五股區,旗竿湖休閒農場,新北市五股區御史路241-1號,02-22931629
新北市,淡水區,正莊有限公司,新北市淡水區中正路11巷15號,02-26261529
新北市,三芝區,法亞咖啡廚房,新北市三芝區後厝里北勢子21號,02-26363577
新北市,石門區,7-11石門門市,新北市石門區中山路78號,02-26383480
新北市,萬里區,沐舍溫泉渡假酒店,新北市萬里區大鵬里萬里加投166-1號,02-24082559
新北市,板橋區,沙崙派出所,新北市板橋區溪北路111號,02-26812741， 02-26867087
新北市,板橋區,板橋派出所,新北市板橋區文化路1段52號,02-29699446， 02-29676439
新北市,板橋區,後埔派出所,新北市板橋區成都街22號,02-29615964， 02-29574438
新北市,板橋區,信義派出所,新北市板橋區廣權路28號,02-29592317， 02-29592318
新北市,板橋區,大觀派出所,新北市板橋區大觀路2段127號,02-22752477， 02-22756794
新北市,板橋區,板橋交通分隊,新北市板橋區區運路1號,02-29510499， 02-29513588
新北市,板橋區,埔墘派出所,新北市板橋區中山路2段286號,02-29558223， 02-29616814
新北市,板橋區,海山派出所,新北市板橋區漢生東路195號,02-29574370， 02-29574374
新北市,板橋區,新海派出所,新北市板橋區英士路151號,02-22586867， 02-22586870
新北市,板橋區,文聖派出所,新北市板橋區大同街14號,02-22583956， 02-22583961
新北市,板橋區,江翠派出所,新北市板橋區吳鳳路50巷36號,02-22512588， 02-22521225
新北市,板橋區,海山交通分隊,新北市板橋區民族路57號後棟1-3樓,02-29574112， 02-29574145
新北市,新莊區,中港派出所,新北市新莊區中港路352號,02-29932646， 02-29922112
新北市,新莊區,新莊分局,新北市新莊區中正路150號,02-29924034， 02-29928918
新北市,新莊區,丹鳳派出所,新北市新莊區雙鳳路75號,02-29083119， 02-29083164
新北市,新莊區,光華派出所,新北市新莊區民安西路141號,02-22022677， 02-22050330
新北市,新莊區,新莊派出所,新北市新莊區新莊路212號,02-29924018
新北市,新莊區,福營派出所,新北市新莊區福營路101號,02-29017434， 02-29068302
新北市,新莊區,頭前派出所,新北市新莊區化成路312號,02-29921043， 02-85211705
新北市,新莊區,中平派出所,新北市新莊區中平路288號,02-89919755， 02-89919756
新北市,新莊區,五工派出所,新北市新莊區五工路95-1號,02-22993050
新北市,泰山區,泰山分駐所,新北市泰山區泰林路2段214號,02-29097947， 02-22966304
新北市,泰山區,明志派出所,新北市泰山區明志路2段426號,02-29069881， 02-29061250
新北市,林口區,林口分駐所,新北市林口區中正路102號,02-26011630， 02-26022929
新北市,林口區,文化派出所,新北市林口區麗園一街5號,02-26095766， 02-26095767
新北市,林口區,瑞平派出所,新北市林口區瑞平里10鄰44號,02-26052724
新北市,林口區,下福派出所,新北市林口區下福里99之1號,02-26062835
新北市,三重區,三重分局,新北市三重區重新路3段147號,02-89818901， 02-89818900
新北市,三重區,慈福派出所,新北市三重區仁愛街519號,02-29815111
新北市,三重區,厚德派出所,新北市三重區三和路3段186號,02-29712064
新北市,三重區,長泰派出所,新北市三重區三和路2段152號,02-29735094
新北市,三重區,大同派出所,新北市三重區正義南路107號,02-29723261
新北市,三重區,三重派出所,新北市三重區重新路一段43號,02-29722553
新北市,三重區,光明派出所,新北市三重區過圳街46號,02-29860655， 02-29875110
新北市,三重區,二重派出所,新北市三重區重新路5段406號,02-29956794
新北市,三重區,永福派出所,新北市三重區力行路2段162巷53號,02-22802067， 02-22802065
新北市,三重區,大有派出所,新北市三重區中正北路402號,02-89851911， 02-89851912
新北市,三重區,中興橋派出所,新北市三重區成功路21號,02-29789513， 02-29783367
新北市,三重區,重陽派出所,新北市三重區集賢路163號,02-82879727
新北市,中和區,中和派出所,新北市中和區中和路102之1號,02-22489083， 02-22492624
新北市,中和區,安平派出所,新北市中和區中安街175號,02-29264139
新北市,中和區,秀山派出所,新北市中和區成功路139號,02-29402114
新北市,三重區,三重分局交通分隊,新北市三重區光復路2段175號,02-29955550， 02-29992592
新北市,中和區,南勢派出所,新北市中和區南山路322號,02-29419445， 02-29422560
新北市,中和區,景安派出所,新北市中和區復興路276號,02-22436955
新北市,中和區,員山派山所,新北市中和區員山路235巷1號,02-22237295， 02-22222264
新北市,中和區,國光派出所,新北市中和區莒光路160號,02-29553199， 02-29569805
新北市,中和區,錦和派出所,新北市中和區中正路275號,02-22482551， 02-22482542
新北市,中和區,積穗派出所,新北市中和區員山路471號,02-22268955， 02-22268914
新北市,中和區,中原派出所,新北市中和區立德街60號,02-22213029， 02-22213633
新北市,中和區,中和第二分局交通分隊,新北市中和區民安街158號,02-22211890， 02-22212078
新北市,中和區,中和第一分局,新北市中和區圓通路30號,02-22498950， 02-22456227
新北市,中和區,中和第二分局,新北市中和區民安街150號,02-22211920， 02-22211921
新北市,中和區,永和分局,新北市永和區竹林路198號,02-29213119， 02-29213887
新北市,中和區,中正橋派出所,新北市永和區永和路2段303號,02-29215119， 02-29224944
新北市,中和區,永和派出所,新北市永和區安樂路344號,02-29214229， 02-29232275
新北市,中和區,秀朗派出所,新北市永和區永利路73號,02-29251130， 02-29296221
新北市,中和區,得和派出所,新北市永和區民權路51號,02-29451969， 02-29451017
新北市,中和區,新生派出所,新北市永和區仁愛路187號,02-29217119
新北市,中和區,永和分局交通分隊,新北市永和區新生路36號,02-29219944
新北市,中和區,新店分局,新北市新店區北新路1段86號,02-29111170， 02-29110041
新北市,中和區,安康派出所,新北市新店區安康路2段70號,02-22121173， 02-22117337
新北市,中和區,安和派出所,新北市新店區安和路3段1號,02-29467780
新北市,新店區,直潭派出所,新北市新店區直潭十街27號,02-26667324
新北市,新店區,青潭派出所,新北市新店區北宜路2段417號,02-22171146
新北市,新店區,頂城派出所,新北市新店區碧潭路75號2樓,02-22118023， 02-86662874
新北市,新店區,碧潭派出所,新北市新店區北新路1段129號,02-29171178， 02-29111665
新北市,新店區,龜山派出所,新北市新店區新烏路3段152號,02-26667560
新北市,新店區,雙城派出所,新北市新店區安康路3段209號,02-22159265
新北市,新店區,江陵派出所,新北市新店區北新路2段183號,02-29112165， 02-29119830， 02-29127719
新北市,新店區,屈尺派出所,新北市新店區屈尺路82號,02-26667439
新北市,新店區,新店分局交通分隊,新北市新店區安康路3段2號3樓,02-22102921， 02-22102961
新北市,坪林區,石嘈派出所,新北市坪林區石嘈里石嘈40號,02-26656343
新北市,坪林區,金溪派出所,新北市坪林區粗窟里金瓜寮23-1號,02-26656487
新北市,坪林區,漁光派出所,新北市坪林區漁光里大舌湖24號,02-26656910
新北市,坪林區,坪林分駐所,新北市坪林區坪林街106號,02-26656281
新北市,坪林區,闊瀨派出所,新北市坪林區漁光里楣子寮20號,02-26657041
新北市,深坑區,深坑分駐所,新北市深坑區深坑街55號,02-26621658， 02-26626778
新北市,石碇區,石碇分駐所,新北市石碇區潭邊里湳窟20號,02-26631240
新北市,石碇區,中民派出所,新北市石碇區中民里石碇仔埔1號,02-26631254
新北市,石碇區,碧山派出所,新北市石碇區北宜路5段42號,02-26651835
新北市,石碇區,楓子林派出所,新北市石碇區豐林里楓子林32號,02-26631285
新北市,石碇區,豐田派出所,新北市石碇區豊田里磨石坑8號,02-26631975
新北市,烏來區,福山派出所,新北市烏來區福山里李茂岸30號,02-26616260
新北市,烏來區,信賢派出所,新北市烏來區信福路11號,02-26616400
新北市,烏來區,烏來分駐所,新北市烏來區烏來街45號,02-26616410
新北市,烏來區,孝義派出所,新北市烏來區孝義里阿玉路2號,02-26616139
新北市,烏來區,忠治派出所,新北市烏來區忠治里忠治142號,02-26616533
新北市,蘆洲區,三民派出所,新北市蘆洲區三民路609號,02-22823775
新北市,蘆洲區,延平派出所,新北市蘆洲區長安街108巷2號,02-82821991， 02-82821992
新北市,蘆洲區,蘆洲派出所,新北市蘆洲區中山二路92號,02-22855966， 02-22813358
新北市,蘆洲區,集賢派出所,新北市蘆洲區集賢路245號1樓,02-82832110
新北市,五股區,成州派出所,新北市五股區成泰路3段539號,02-22921296， 02-22913334
新北市,五股區,更寮派出所,新北市五股區中興路2段147號,02-29711126
新北市,五股區,五股分駐所,新北市五股區中興路4段67號,02-22916948
新北市,五股區,德音派出所,新北市五股區水碓二路1號,02-82923789
新北市,八里區,龍源派出所,新北市八里區龍米路1段225號,02-26182245
新北市,八里區,八里分駐所,新北市八里區訊塘里訊塘路37號,02-26101315
新北市,土城區,土城派出所,新北市土城區和平路22號,02-22656058
新北市,土城區,清水派出所,新北市土城區青雲路220號,02-22615479， 02-22615090
新北市,土城區,頂埔派出所,新北市土城區中央路3段164號,02-22681220， 02-22681790
新北市,土城區,廣福派出所,新北市土城區學府路1段103號,02-22701588
新北市,土城區,金城派出所,新北市土城區延吉街318號,02-22633152
新北市,樹林區,三多派出所,新北市樹林區三福街72號,02-26894108， 02-26894109
新北市,樹林區,山佳派出所,新北市樹林區中山路3段38號,02-26806114
新北市,樹林區,柑園派出所,新北市樹林區佳園路3段20號,02-26801075
新北市,樹林區,樹林派出所,新北市樹林區鎮前街35號,02-26812034
新北市,樹林區,彭厝派出所,新北市樹林區國凱街65號,02-86868077
新北市,樹林區,樹林分局交通分隊,新北市樹林區保安街1段283號,02-26865643
新北市,淡水區,淡水分局,新北市淡水區中正路229號,02-26212069， 02-26224330
新北市,淡水區,中山路派出所,新北市淡水區中正東路40號,02-26212753， 02-26218957
新北市,淡水區,中正路派出所,新北市淡水區中正路318之1號,02-26212752， 02-26219654
新北市,淡水區,水源派出所,新北市淡水區北新路2段19號,02-26200534， 02-26214227
新北市,淡水區,水碓派出所,新北市淡水區中山北路1段160號,02-26212491， 02-26224753
新北市,淡水區,竹圍派出所,新北市淡水區民權路32號,02-28092831， 02-28095050
新北市,淡水區,賢孝派出所,新北市淡水區淡金路5段72號,02-28011505
新北市,淡水區,興仁派出所,新北市淡水區興仁路93號,02-26236399
新北市,三芝區,三芝分駐所,新北市三芝區育英街27號,02-26362049， 02-26365345
新北市,三芝區,後厝派出所,新北市三芝區北勢子45之32號,02-26362052， 02-26368086
新北市,三芝區,興華派出所,新北市三芝區興華里田心子1號,02-26371851， 02-26371425
新北市,汐止區,汐止分局,新北市汐止區民生街1號,02-26412610， 02-26412642
新北市,汐止區,八連派出所,新北市汐止區長青路188巷1之1號,02-26451281
新北市,汐止區,汐止派出所,新北市汐止區新興路3號6樓,02-26412827， 02-26490711
新北市,汐止區,東山派出所,新北市汐止區汐平路2段68號,02-26415841
新北市,汐止區,社后派出所,新北市汐止區中興路108號,02-26942819， 02-26946170
新北市,汐止區,長安派出所,新北市汐止區大同路3段99號,02-86482618
新北市,汐止區,烘內派出所,新北市汐止區汐萬路2段230號,02-26462564
新北市,汐止區,橫科派出所,新北市汐止區民權街2段87號,02-26401237， 02-26407043
新北市,汐止區,汐止分局交通分隊,新北市汐止區忠孝東路1之2號,02-86424742
新北市,三峽區,三峽分局,新北市三峽區中正路1段48號,02-26738531， 02-26711796
新北市,三峽區,三峽派出所,新北市三峽區民權街38號,02-26711254， 02-26735959
新北市,三峽區,五寮派出所,新北市三峽區五寮里五寮154號,02-26720283
新北市,三峽區,吉埔派出所,新北市三峽區大埔路60號,02-26711278
新北市,三峽區,圳頭派出所,新北市三峽區圳頭路92號,02-26720167
新北市,三峽區,成福派出所,新北市三峽區成福路84號,02-26726097
新北市,三峽區,插角派出所,新北市三峽區插角里67-1號,02-26720121
新北市,三峽區,橫溪派出所,新北市三峽區介壽路3段49號,02-86761762
新北市,三峽區,三峽交通分隊,新北市三峽區中園街187號,02-26710229
新北市,鶯歌區,鳳鳴派出所,新北市鶯歌區莒光街20號,02-26789110
新北市,鶯歌區,湖山派出所,新北市鶯歌區大湖路370號,02-26792474
新北市,鶯歌區,鶯歌分駐所,新北市鶯歌區中正一路195號,02-26792024
新北市,鶯歌區,二橋派出所,新北市鶯歌區中正三路6號,02-26781225
新北市,金山區,中角派出所,新北市金山區永興里濆水7-2號,02-24982136
新北市,金山區,金山派出所,新北市金山區民生路65號,02-24982009， 02-24988009
新北市,金山區,重光派出所,新北市金山區重和里茅埔頭8號,02-24080470
新北市,石門區,老梅派出所,新北市石門區老梅路26號,02-26381253
新北市,石門區,石門分駐所,新北市石門區中山路64號,02-26381244， 02-26383852
新北市,石門區,乾華派出所,新北市石門區草里里阿里荖14之1號,02-26381274
新北市,萬里區,崁腳派出所,新北市萬里區崁腳路38號,02-24922740
新北市,萬里區,大鵬派出所,新北市萬里區加投路81號,02-24982475
新北市,萬里區,野柳派出所,新北市萬里區港西路9號,02-24922510
新北市,萬里區,萬里分駐所,新北市萬里區瑪鋉路153號,02-24922122
新北市,瑞芳區,九份派出所,新北市瑞芳區豎崎路24號,02-24972609
新北市,瑞芳區,水湳洞派出所,新北市瑞芳區洞頂路8號,02-24961529
新北市,瑞芳區,大寮派出所,新北市瑞芳區傑魚坑路278號,02-24972608
新北市,瑞芳區,四腳亭派出所,新北市瑞芳區瑞竹路124號,02-24576947
新北市,瑞芳區,猴硐派出所,新北市瑞芳區九芎橋路96號,02-24972527
新北市,瑞芳區,金瓜石派出所,新北市瑞芳區金光路51號,02-24961528
新北市,瑞芳區,瑞芳派出所,新北市瑞芳區明燈路3段25號,02-24972141， 02-24969632
新北市,瑞芳區,鼻頭派出所,新北市瑞芳區鼻頭路101號,02-24911579
新北市,瑞芳區,瑞濱派出所,新北市瑞芳區建基路1段5之1號,02-24972009
新北市,瑞芳區,瑞芳分局交通分隊,新北市瑞芳區大寮路41號,02-24977468， 02-24970993
新北市,平溪區,東勢格派出所,新北市平溪區東勢里東勢格1號,02-24951379
新北市,平溪區,十分派出所,新北市平溪區十分街283號,02-24958128
新北市,平溪區,平溪分駐所,新北市平溪區平溪街43號,02-24952096， 02-24951063
新北市,雙溪區,柑腳派出所,新北市雙溪區外柑里外柑腳37號,02-24931744
新北市,雙溪區,牡丹派出所,新北市雙溪區牡丹里牡丹106號,02-24931340
新北市,雙溪區,太平派出所,新北市雙溪區泰平里大平62號,02-24933317
新北市,雙溪區,雙溪分駐所,新北市雙溪區雙溪里太平路64號,02-24931059
新北市,雙溪區,平林派出所,新北市雙溪區上林里內平林47號,02-24931794
新北市,貢寮區,和美派出所,新北市貢寮區和美里和美街30號,02-24901504
新北市,貢寮區,貢寮分駐所,新北市貢寮區朝陽街56-1號,02-24941542
新北市,貢寮區,卯澳派出所,新北市貢寮區福連街18號,02-24991540
新北市,貢寮區,吉林派出所,新北市貢寮區吉林里枋腳街4號,02-24941534
新北市,貢寮區,澳底派出所,新北市貢寮區延平街36號,02-24901074
新北市,貢寮區,福隆派出所,新北市貢寮區福隆里福隆街19號,02-24991541
台北市,大同區,東東玩具城(店),臺北市大同區太原路54號,02-25561661
台北市,大同區,台灣好，店,臺北市大同區南京西路25巷18-2號,02-25234080
台北市,大同區,有記名茶,臺北市大同區重慶北路二段64巷26號,02-25559164
台北市,大安區,流浪ing旅遊書店,臺北市大安區溫州街74巷3弄2號1樓,02-23622378
台北市,大安區,不二堂茶所在,臺北市大安區永康街10之5號,02-23959616
台北市,中正區,台北地下街,臺北市中正區市民大道一段100號B1,02-25594566
台北市,中正區,華山1914文化創意產業園區,臺北市中正區八德路一段1號,02-23581914
台北市,士林區,亞尼克夢想村,臺北市士林區長春街4巷481號,02-28625609
台北市,士林區,HOK郭元益的家,臺北市士林區文林路526號,02-28338377
台北市,北投區,財團法人台北市關渡宮,臺北市北投區知行路360號,02-28581281
台北市,內湖區,穠舍田園咖啡義大利菜,臺北市內湖區碧山路38號,02-27935448
台北市,大同區,大橋派出所,臺北市大同區延平北路3段2號,02-25945524
台北市,大同區,寧夏派出所,臺北市大同區寧夏路89號,02-25575011
台北市,大同區,延平派出所,臺北市大同區延平北路1段86號,02-25564340
台北市,大同區,建成派出所,臺北市大同區承德路1段80號,02-25585463
台北市,大同區,民族路派出所,臺北市大同區重慶北路3段168號,02-25926204
台北市,大同區,民生西路派出所,臺北市大同區保安街47-1號,02-25538587
台北市,大同區,重慶北路派出所,臺北市大同區重慶北路3段320之2號,02-25944741
台北市,大同區,雙連派出所,臺北市大同區民生西路198號,02-25565856
台北市,萬華區,漢中街派出所,臺北市漢中街122號,02-23312790
台北市,萬華區,桂林路派出所,臺北市桂林路135號,02-23314823
台北市,萬華區,昆明街派出所,臺北市昆明街245號,02-23082353
台北市,萬華區,康定路派出所,臺北市和平西路三段112號,02-23064226
台北市,萬華區,東園街派出所,臺北市長泰街130號,02-23033247
台北市,萬華區,西園路派出所,臺北市東園街17號,02-23091238
台北市,萬華區,大理街派出所,臺北市大理街99號,02-23063468
台北市,萬華區,華江派出所,臺北市環河南路二段196號,02-23061531
台北市,萬華區,莒光派出所,臺北市莒光路171號,02-23064987
台北市,萬華區,武昌街派出所,臺北市西寧南路4號,02-23312212
台北市,萬華區,青年路派出所,臺北市萬大路423巷114號,02-23054219
台北市,中山區,中山一派出所,臺北市中山區中山北路1段110號,02-25111499
台北市,中山區,中山二派出所,臺北市中山區中山北路2段90號,02-25412002
台北市,中山區,圓山派出所,臺北市中山區中山北路3段62號,02-25942750
台北市,中山區,長春路派出所,臺北市中山區長春路206號,02-25010644
台北市,中山區,長安東路派出所,臺北市中山區長安東路2段165號,02-27711932
台北市,中山區,民權一派出所,臺北市中山區新生北路二段127-1號,02-25314671
台北市,中山區,建國派出所,臺北市中山區行孝里民族東路284號,02-25091990
台北市,中山區,大直派出所,臺北市中山區北安路456號,02-25332984
台北市,大安區,和平東路派出所,臺北市大安區和平東路1段143號,02-23218073
台北市,大安區,安和路派出所,臺北市大安區信義路4段216號,02-27025232
台北市,大安區,敦化南路派出所,臺北市大安區敦化南路1段236巷26號,02-27710400
台北市,大安區,新生南路派出所,臺北市大安區仁愛路3段18號,02-23258611
台北市,大安區,瑞安街派出所,臺北市大安區瑞安街23巷17號,02-27054164
台北市,大安區,羅斯福路派出所,臺北市大安區羅斯福路4段113巷13號,02-27355761
台北市,大安區,臥龍街派出所,臺北市大安區臥龍街185號,02-27334439
台北市,中正區,仁愛路派出所,臺北市中正區仁愛路1段19號,02-23212067
台北市,中正區,介壽路派出所,臺北市中正區公園路54號,02-23113081
台北市,中正區,博愛路派出所,臺北市中正區博愛路119號,02-23118175
台北市,中正區,忠孝東路派出所,臺北市中正區忠孝東路2段10號,02-23218656
台北市,中正區,忠孝西路派出所,臺北市中正區公園路15號,02-23142722
台北市,中正區,廈門街派出所,臺北市廈門街43號,02-23684427
台北市,中正區,思源街派出所,臺北市汀州路三段72號,02-23650844
台北市,中正區,泉州街派出所,臺北市中華路二段503號,02-23039915
台北市,中正區,南昌路派出所,臺北市南昌路一段7號,02-23218148
台北市,中正區,南海路派出所,臺北市南海路35號,02-23752835
台北市,松山區,三民派出所,臺北市松山區民生東路5段163之1號,02-27621708
台北市,松山區,中崙派出所,臺北市松山區長安東路2段229-1號,02-27711239
台北市,松山區,東社派出所,臺北市松山區敦化北路199巷5之1號,02-27135253
台北市,松山區,松山派出所,臺北市松山區八德路4段692號,02-27670446
台北市,松山區,民有派出所,臺北市松山區民權東路3段162號,02-27123638
台北市,信義區,三張犁派出所,臺北市信義區信義路五段17號,02-27295561
台北市,信義區,五分埔派出所,臺北市信義區永吉路333號,02-27653349
台北市,信義區,六張犁派出所,臺北市信義區嘉興街301號,02-27355068
台北市,信義區,吳興街派出所,臺北市信義區吳興街262號,02-27398997
台北市,信義區,福德街派出所,臺北市信義區福德街198號,02-27273424
台北市,士林區,天母派出所,臺北市士林區中山北路7段192號,02-28714110
台北市,士林區,山仔后派出所,臺北市士林區格致路39號,02-28611295
台北市,士林區,後港派出所,臺北市士林區福港街151號,02-28829373
台北市,士林區,文林派出所,臺北市士林區大東路80號,02-28812211
台北市,士林區,永福派出所,臺北市士林區仰德大道3段49號,02-28616353
台北市,士林區,溪山派出所,臺北市士林區至善路3段263號,02-28411110
台北市,士林區,社子派出所,臺北市士林區延平北路6段192號,02-28122720
台北市,士林區,翠山派出所,臺北市士林區中社路1段56號,02-28411423
台北市,士林區,芝山岩派出所,臺北市士林區仰德大道1段16號,02-28813194
台北市,士林區,蘭雅派出所,臺北市士林區中山北路6段153號1樓,02-28315001
台北市,北投區,光明派出所,臺北市北投區泉源路14號,02-28912047
台北市,北投區,公園派出所,臺北市北投區紗帽路110號,02-28610145
台北市,北投區,大屯派出所,臺北市北投區中和街534號,02-28913971
台北市,北投區,奇岩派出所,臺北市北投區公館路209巷11號,02-28913531
台北市,北投區,永明派出所,臺北市北投區石牌路2段101號,02-28213110
台北市,北投區,石牌派出所,臺北市北投區文林北路296號,02-28231513
台北市,北投區,竹子湖派出所,臺北市北投區竹子湖路16號,02-28231513
台北市,北投區,長安派出所,臺北市北投區中央北路1段1號,02-28911646
台北市,北投區,關渡派出所,臺北市北投區大度路3段305號,02-28583864
台北市,文山區,木柵派出所,臺北市文山區木柵路二段202號,02-29397141
台北市,文山區,木新派出所,臺北市文山區恆光街45號,02-29372488
台北市,文山區,復興派出所,臺北市文山區木柵路一段54號,02-22367140
台北市,文山區,指南派出所,臺北市文山區指南路二段177號,02-29382712
台北市,文山區,萬芳派出所,臺北市文山區萬美街一段50號,02-22391753
台北市,文山區,景美派出所,臺北市景中街2號,02-29313459
台北市,文山區,興隆派出所,臺北市興隆路二段156號,02-29313842
台北市,文山區,萬盛派出所,臺北市羅斯福路五段151號,02-29312502
台北市,南港區,同德派出所,臺北市南港區同德路83號,02-27851062
台北市,南港區,南港派出所,臺北市南港區興中路12巷2號,02-27830476
台北市,南港區,舊莊派出所,臺北市南港區舊莊街1段213號,02-27822492
台北市,南港區,玉成派出所,臺北市南港區向陽路150號1樓,02-27886958
台北市,內湖區,內湖派出所,臺北市內湖路二段261號,02-27900571
台北市,內湖區,潭美派出所,臺北市新明路324號,02-27917233
台北市,內湖區,西湖派出所,臺北市瑞光路515號,02-27987505
台北市,內湖區,大湖派出所,臺北市成功路五段1號,02-27909521
台北市,內湖區,文德派出所,臺北市民權東路六段26號,02-27944946
台北市,內湖區,東湖派出所,臺北市五分街10號,02-26313350
台北市,內湖區,康樂派出所,臺北市康樂街110巷16弄20號,02-26342237
台北市,內湖區,康寧派出所,臺北市金湖路83號,02-87920061
台北市,內湖區,港墘派出所,臺北市內湖路一段550號,02-87518690
桃園市,桃園區,明義堂香行,桃園市桃園區中正路452號,03-3341171
桃園市,大溪區,達文西瓜,桃園市大溪區和平路29號,03-3873089
桃園市,大溪區,桃園市大溪文化協會,桃園市大溪區福仁里草店尾一橫巷3號,03-3880938
桃園市,復興區,和風山莊,桃園市復興區上巴陵中心路160號,03-3912738
桃園市,蘆竹區,桂林商務旅館,桃園市蘆竹區桃園街106號,03-3116799
桃園市,蘆竹區,麗嬰房觀光工廠,桃園市蘆竹區海湖里海山中街8號,03-3544417
桃園市,蘆竹區,尊爵天際大飯店,桃園市蘆竹區南崁路一段108號,03-2121001
桃園市,桃園區,武陵派出所,桃園區復興路135號,03-3364224
桃園市,桃園區,青溪派出所,桃園區鎮輔街39號,03-3332742
桃園市,桃園區,埔子派出所,桃園區文中北路2號,03-3353974
桃園市,桃園區,龍安派出所,桃園區國豐一街101號,03-3601975
桃園市,中壢區,大崙派出所,中壢區中正路四段186號,03-4982260
桃園市,中壢區,中福派出所,中壢區南園二路86號,03-4523093
桃園市,中壢區,內壢派出所,中壢區中華路一段364號,03-4557521
桃園市,中壢區,普仁派出所,中壢區日新路20號,03-4562912
桃園市,中壢區,龍興派出所,中壢區龍勇路141號,03-4285776
桃園市,中壢區,青埔派出所,中壢區青埔路一段67號,03-4531356
桃園市,楊梅區,楊梅派出所,楊梅區中山路123號,03-4782007
桃園市,楊梅區,草湳派出所,楊梅區永美路237號,03-4826278
桃園市,楊梅區,富岡派出所,楊梅區富源街22號,03-4721794
桃園市,新屋區,永安派出所,新屋區永安村中山西路三段62號,03-4861092
桃園市,新屋區,大坡派出所,新屋區大坡村5鄰94號,03-4768410
桃園市,大園區,埔心派出所,大園區埔心村14鄰1號,03-3811684
桃園市,大園區,潮音派出所,大園區北港村12鄰9號,03-3862314
桃園市,觀音區,草漯派出所,觀音區草漯村7鄰大觀路2段77號,03-4831224
桃園市,觀音區,新坡派出所,觀音區大同村5鄰中山路2段668號,03-4981001
桃園市,平鎮區,宋屋派出所,平鎮區延平路二段412號,03-4938381
桃園市,平鎮區,北勢派出所,平鎮區振平街228號,03-4282206
桃園市,平鎮區,建安派出所,平鎮區金陵路5段108號,03-4502331
桃園市,平鎮區,龍岡派出所,平鎮區龍南路141號,03-4503245
桃園市,大溪區,三元派出所,大溪區石園路53號,03-3801040
桃園市,大溪區,中新派出所,大溪區大鶯路1481號,03-3801853
桃園市,大溪區,慈湖分駐所,大溪區復興路一段1268號,03-3885891
桃園市,大溪區,百吉派出所,大溪區復興路二段209號,03-3885884
桃園市,復興區,三民派出所,復興區三民村11鄰水流東43號,03-3825605
桃園市,復興區,復興分駐所,復興區中正路2號,03-3822604
桃園市,復興區,溪內派出所,復興區羅浮村1鄰合流51-2號,03-3822958
桃園市,復興區,羅浮派出所,復興區羅浮村3鄰羅浮3號,03-3822606
桃園市,龜山區,大林派出所,龜山區中興路158號,03-3500070
桃園市,龜山區,坪頂派出所,龜山區大崗村大湖一路65號,03-3282570
桃園市,龜山區,大埔派出所,龜山區文德二路80號,03-3181519
桃園市,龜山區,大坑派出所,龜山區大坑路一段851號,03-3251310
桃園市,龍潭區,聖亭派出所,龍潭區淩雲村干城路21號,03-4891110
桃園市,龍潭區,石門派出所,龍潭區佳安村文化路230號,03-4712021
桃園市,龍潭區,高平派出所,龍潭區高平村中豐路高平段281號,03-4717204
桃園市,龍潭區,三和派出所,龍潭區三和村直坑24號,03-4794384
桃園市,蘆竹區,南崁派出所,蘆竹區南崁村南崁路179號,03-3223981
桃園市,蘆竹區,大竹派出所,蘆竹區大竹村大竹路540號,03-3232704
桃園市,蘆竹區,南竹派出所,蘆竹區南竹路二段97號,03-3121090
桃園市,蘆竹區,外社派出所,蘆竹區外社村山林路二段405號,03-3241749
新竹市,北區,第一分局,新竹市竹光路290號,03-5222725， 03-5224168#2704-05(勤務指揮中心24H)
新竹市,東區,第二分局,新竹市光復路二段798號,03-5728750#1， 03-5728748(勤務指揮中心24H)
新竹市,第三分局,第三分局,新竹市牛埔路432號,03-5380040， 03-5380055(勤務指揮中心24H)
新竹市,香山區,朝山派出所,新竹市中華路5段690號,03-5373165
新竹市,北區,南寮派出所,新竹市東大路3段541號,03-5224168#2328， 03-5362334
新竹市,北區,海瑞摃丸,新竹市北區西門街98號,03-5261115
新竹市,北區,淵明餅舖,新竹市北區中山路112號,0952-170115
新竹市,北區,新竹市十七公里海岸風景區旅遊服務中心,新竹市南寮街261號,03-5360350
新竹市,東區,池畔玻光,新竹市東大路一段2號,03-5622072
新竹縣,尖石鄉,尖石分駐所,新竹縣尖石鄉嘉樂村2鄰37號,03-5841144
新竹縣,尖石鄉,那羅派出所,新竹縣尖石鄉錦屏村8鄰24號,03-5841682
新竹縣,尖石鄉,玉峰派出所,新竹縣尖石鄉玉峰村5鄰45號,03-5847202
新竹縣,尖石鄉,宇老派出所,新竹縣尖石鄉玉峰村1鄰1號,03-5847238
新竹縣,橫山鄉,橫山派出所,新竹縣橫山鄉新興街103號,03-5931002
新竹縣,新埔鎮,新埔派出所,新竹縣新埔鎮中正路475號,03-5882034
新竹縣,橫山鄉,合興車站,新竹縣橫山鄉力行村中山街1段17號,03-6235065
新竹縣,橫山鄉,全家橫山致豐店,新竹縣橫山鄉大肚村12鄰中豐路二段112-2號,03-5931649
新竹縣,關西鎮,關西服務區,新竹縣關西鎮東安里上三屯14號,03-5876600
新竹縣,關西鎮,錦山派出所,新竹縣關西鎮錦山里2鄰錦山21號,03-5478174
苗栗縣,苗栗市,城市規劃館,苗栗縣苗栗市縣府路120號,037-369477
苗栗縣,苗栗市,新興旅社,苗栗縣苗栗市建國街3號,037-260133
苗栗縣,三義鄉,三義甘丹民宿,苗栗縣三義鄉雙湖村15鄰雙湖7-11號,0978-275231
苗栗縣,三義鄉,三義火車站,苗栗縣三義鄉雙湖村90號,037-874763
苗栗縣,三義鄉,世奇精緻餅店,苗栗縣三義鄉水美路156號,037-879988
苗栗縣,通霄鎮,台鹽通宵觀光園區,苗栗縣通霄鎮內島里122號,037-792121
苗栗縣,公館鄉,公館鄉農會,苗栗縣公館鄉館東村大同路266號,037-225211
苗栗縣,竹南鎮,龍鳳安檢所,苗栗縣竹南鎮龍鳳里海埔38-1號,037-482157
苗栗縣,竹南鎮,國泰玻璃觀光工廠,苗栗縣竹南鎮新南里24鄰崁頂151號2樓,037-614118
苗栗縣,卓蘭鎮,江記永安囍餅店,苗栗縣卓蘭鎮中山路13-14號,04-25892391
苗栗縣,南庄鄉,向天湖738文創餐坊,苗栗縣南庄鄉東河村16鄰向天湖25號,037-823922
苗栗縣,苗栗市,苗栗分局,苗栗市勝利里金鳳街109號,037-320059
苗栗縣,苗栗市,文山派出所,苗栗縣苗栗市至公路557號,037-337127
苗栗縣,苗栗市,北苗派出所,苗栗縣苗栗市清華里為公路227號,037-260344
苗栗縣,苗栗市,南苗派出所,苗栗縣苗栗市高苗里信義街60號,037-320367
苗栗縣,頭屋鄉,明德派出所,苗栗縣頭屋鄉明德村明德路131號,037-252538
苗栗縣,頭屋鄉,頭屋分駐所,苗栗縣頭屋鄉頭屋村中山街17號,037-253103
苗栗縣,三義鄉,鯉魚派出所,苗栗縣三義鄉鯉魚潭村3鄰54-1號,037-881040
苗栗縣,三義鄉,龍騰派出所,苗栗縣三義鄉西湖村伯公坑41-1號,037-872396
苗栗縣,三義鄉,三義分駐所,苗栗縣三義鄉廣盛村90號,037-872003
苗栗縣,公館鄉,福基派出所,苗栗縣公館鄉福基村5鄰133號,037-225984
苗栗縣,公館鄉,鶴岡派出所,苗栗縣公館鄉鶴山村11鄰232號,037-226975
苗栗縣,公館鄉,公館分駐所,苗栗縣公館鄉館中村大同路181號,037-225683
苗栗縣,銅鑼鄉,雞隆派出所,苗栗縣銅鑼鄉盛隆村35號,037-971012
苗栗縣,銅鑼鄉,雞隆派出所,苗栗縣銅鑼鄉銅鑼村中正路122號,037-981014
苗栗縣,竹南鎮,中港派出所,苗栗縣竹南鎮中港里中正路477號,037-470314
苗栗縣,竹南鎮,海口派出所,苗栗縣竹南鎮海口里6鄰62-12號,037-460684
苗栗縣,竹南鎮,竹南派出所,苗栗縣竹南鎮竹南里民族街72號,037-474796
苗栗縣,竹南鎮,大同派出所,苗栗縣竹南鎮大埔里公義路931號,037-581712
苗栗縣,後龍鎮,大山派出所,苗栗縣後龍鎮灣寶里5鄰93號,037-431764
苗栗縣,後龍鎮,外埔派出所,苗栗縣後龍鎮海埔里海埔5號,037-431361
苗栗縣,後龍鎮,聯港派出所,苗栗縣後龍鎮津龍里5鄰59號,037-450734
苗栗縣,後龍鎮,新港派出所,苗栗縣後龍鎮復興里6鄰建興路111號,037-722474
苗栗縣,後龍鎮,南勢派出所,苗栗縣後龍鎮南港里南勢山1鄰15-10號,037-921445
苗栗縣,後龍鎮,後龍分駐所,苗栗縣後龍鎮中龍里13鄰三民路107號,037-722520
苗栗縣,造橋鄉,談文派出所,苗栗縣造橋鄉談文村8鄰51-16號,037-622664
苗栗縣,造橋鄉,造橋分駐所,苗栗縣造橋鄉造橋村4鄰平仁路51號,037-624224
苗栗縣,卓蘭鎮,坪林派出所,苗栗縣卓蘭鎮坪林里5鄰50號,04-25921101
苗栗縣,泰安鄉,中興派出所,苗栗縣泰安鄉中興村長橋9號,037-992350
苗栗縣,頭份鎮,頭份派出所,苗栗縣頭份鎮中正路223號,037-663004
苗栗縣,三灣鄉,大河派出所,苗栗縣三灣鄉大河村6鄰河底48號,037-831081
苗栗縣,頭份鎮,斗坪派出所,苗栗縣頭份鎮斗坪里19鄰中正二路215號,037-665770
苗栗縣,頭份鎮,尖山派出所,苗栗縣頭份鎮廣興里2鄰中華路160號,037-622763
苗栗縣,三灣鄉,三灣分駐所,苗栗縣三灣鄉中正路256號,037-831071
苗栗縣,南庄鄉,蓬萊派出所,苗栗縣南庄鄉蓬萊村7鄰90號,037-822040
苗栗縣,南庄鄉,東河派出所,苗栗縣南庄鄉東河村5鄰50號,037-822094
苗栗縣,南庄鄉,田美派出所,苗栗縣南庄鄉獅山村4鄰106號,037-822134
苗栗縣,南庄鄉,陸家派出所,苗栗縣南庄鄉東河村24鄰鹿場2號,037-821570
苗栗縣,南庄鄉,南埔派出所,苗栗縣南庄鄉南富村13鄰大南埔14號,037-822752
苗栗縣,南庄鄉,南庄分駐所,苗栗縣南庄鄉東村大同路27號,037-822004
台中市,大里區,成功派出所,臺中市大里區成功路9號,04-24950763
台中市,豐原區,翁子派出所,臺中市豐原區豐勢路二段10號,04-25226021， 04-25275594
台中市,神岡區,神岡分駐所,臺中市神岡區神岡路121號,04-25622422
台中市,烏日區,烏日派出所,臺中市烏日區中山路2段309號1樓,04-23381402
台中市,烏日區,五光派出所,臺中市烏日區五光路281號,04-23381960
台中市,烏日區,溪南派出所,臺中市烏日區北里里溪南路二段638號,04-23351676
台中市,烏日區,溪尾駐在所,臺中市烏日區溪尾里溪岸路7號,049-2523603
台中市,大肚區,大肚分駐所,臺中市大肚區沙田路3段38號,04-26992167
台中市,大肚區,追分派出所,臺中市大肚區沙田路一段290號,04-26932108
台中市,大肚區,瑞井派出所,臺中市大肚區遊園路1之1號,04-26910205
台中市,龍井區,龍井分駐所,臺中市龍井區龍泉里沙田路4段245號,04-26353054
台中市,龍井區,龍津派出所,臺中市龍井區龍津里中央路1段165巷36號,04-26396084
台中市,龍井區,龍東派出所,臺中市龍井區茄投路67號,04-26397043
台中市,龍井區,麗水派出所,臺中市龍井區臨港東路2段317號,04-26395994
台中市,龍井區,犁份派出所,臺中市龍井區新庄里遊園南路194號,04-26312719
台中市,清水區,高美派出所,臺中市清水區護岸路29號,04-26113384
台中市,清水區,清水派出所,臺中市清水區鰲峰路23號,04-26222054
台中市,清水區,大秀派出所,臺中市清水區五權路438號,04-26265384
台中市,清水區,大楊派出所,臺中市清水區神清路45號,04-26200514
台中市,清水區,三田派出所,臺中市清水區中山路559號,04-26222146
台中市,沙鹿區,清泉派出所,臺中市沙鹿區中清路2-39號,04-26153884
台中市,沙鹿區,沙鹿分駐所,臺中市沙鹿區鎮政路12號,04-26625032
台中市,沙鹿區,明秀派出所,臺中市沙鹿區鎮南路一段450號,04-26314309
台中市,沙鹿區,光華派出所,臺中市沙鹿區光華路387號,04-26630624
台中市,梧棲區,梧棲分駐所,臺中市梧棲區中興路210號,04-26562860
台中市,梧棲區,安寧派出所,臺中市梧棲區中棲路二段18號,04-26560343
台中市,石岡區,石岡分駐所,臺中市石岡區豐勢路1021號,04-25722781
台中市,新社區,新社分駐所,臺中市新社區復盛里興社街二段28之3號,04-25811401
台中市,新社區,東興派出所,臺中市新社區東興里興社街一段285號,04-25811476
台中市,新社區,永源派出所,臺中市新社區永源里中和街一段20號,04-25811475
台中市,新社區,福中派出所,臺中市新社區福興里美林45號,04-25941364
台中市,新社區,交通東勢分隊,臺中市新社區中和街五段118巷48之1號,04-25823745
台中市,東勢區,東勢派出所,臺中市東勢區豐勢路512號1樓,04-25873802
台中市,東勢區,土牛派出所,臺中市東勢區和盛里豐勢路19號,04-25815600
台中市,東勢區,中坑派出所,臺中市東勢區隆興里5鄰東坑路665號,04-25874474
台中市,東勢區,茅埔派出所,臺中市東勢區慶東里東關路243號,04-25852472
台中市,東勢區,石城派出所,臺中市東勢區泰興里石城街297號,04-25874473
台中市,東勢區,大甲派出所,臺中市大甲區大甲里文武路1號,04-2687204
台中市,東勢區,日南派出所,臺中市大甲區孟春里中山路二段165號,04-26813700
台中市,東勢區,西岐派出所,臺中市大甲區西岐里順帆路94號,04-26811330
台中市,大安區,大安分駐所,臺中市大安區中庄里中山南路300號,04-26713320
台中市,大安區,海墘派出所,臺中市大安區海墘里大安港路1160號,04-26875845
台中市,外埔區,外埔分駐所,臺中市外埔區大同里六分路350號,04-26832690
台中市,外埔區,安定派出所,臺中市外埔區土城里土城路110號,04-26837725
台中市,后里區,后里分駐所,臺中市后里區墩西里公安路88號,04-25562037
台中市,后里區,義里派出所,臺中市后里區墩東里三豐路209號,04-25562333
台中市,后里區,泰安派出所,臺中市后里區泰安里安眉路１號,04-25562340
台中市,大甲區,大甲交通分隊,臺中市大甲區日南里工二路２號,04-26820785
台中市,和平區,和平派出所,臺中市和平區南勢里東關路三段270號。,04-25941324
台中市,和平區,天輪派出所,臺中市和平區天輪區東關路二段33號,04-25941193
台中市,和平區,谷關派出所,臺中市和平區博愛里東關路一段125號,04-25951114
台中市,和平區,德基派出所,臺中市和平區梨山里和平路二段16-1號,04-25980439
台中市,和平區,松茂派出所,臺中市和平區梨山里中興路4段54號,04-25989692
台中市,和平區,環山派出所,臺中市和平區平等里中興路3段48號,04-25982242
台中市,和平區,梨山派出所,臺中市和平區梨山里中正路103號,04-25989580
台中市,和平區,志良派出所,臺中市和平區平等里平等村中興路2段47號,04-25901040
台中市,和平區,勝光派出所,臺中市和平區平等里中興路1段21號,04-25901004
台中市,和平區,雙崎派出所,臺中市和平區達觀里東崎路2段39號,04-25911214
台中市,和平區,竹林派出所,臺中市和平區達觀里東崎路1段89號,04-25911114
台中市,和平區,大棟派出所,臺中市和平區中坑里雪山路2號,04-25971106
台中市,和平區,雪山派出所,臺中市和平區中坑里雪山路10號,04-25883514
台中市,和平區,桃山派出所,臺中市和平區達觀里東崎路一段 桃山巷7-2號,04-25911314
台中市,芬園鄉,就是愛荔枝樂園,彰化縣芬園鄉中山路167號,04-8590909
台中市,彰化市,旅。咖啡,彰化縣彰化市民權路241號,04-7282972
台中市,員林鎮,晨陽文旅,彰化縣員林市中山路一段382巷3號,04-8396655
台中市,田中鎮,全家田中金斗店,彰化縣田中鎮斗中路一段232號,04-8748349
台中市,西區,美術園道商店街管理委員會,臺中市西區五權西二街152號,04-23755482
台中市,清水區,清水服務區,臺中市清水區吳厝二街89號,04-26201378
台中市,清水區,梧棲漁港安檢所,臺中市清水區海濱里北堤路21號,04-26565524
台中市,新社區,新峰農場,臺中市新社區大南里中和街二段264號,04-25811938
台中市,外埔區,裕珍馨食品股份有限公司,臺中市外埔區甲后路633號,04-26831969
台中市,后里區,中社觀光花市,臺中市后里區三豐路469-13號,04-25576926
台中市,大甲區,大甲火車站,臺中市大甲區中山路一段828號,04-26872022
台中市,霧峰區,霧峰林家宮保第園區,臺中市霧峰區民生路26號,04-23317985
台中市,潭子區,寶熊漁樂館,臺中市潭子區中山路三段11號,04-35013338
台中市,潭子區,全家潭子新圓通店,臺中市潭子區勝利路58號,04-25343731
彰化縣,花壇鄉,花壇分駐所,彰化縣花壇鄉中正路1號,04-7862014
彰化縣,花壇鄉,三家派出所,彰化縣花壇鄉三春村彰員路109號,04-7862454
彰化縣,芬園鄉,芬園分駐所,彰化縣芬園鄉彰南路四段175號,049-2522419
彰化縣,芬園鄉,縣庄派出所,彰化縣芬園鄉彰南路二段131號,049-2525151
彰化縣,芬園鄉,安山派出所,彰化縣芬園鄉大彰路三段147巷63號,04-8590056
彰化縣,彰化市,中正路派出所,彰化市西勢街150號,04-7242544
彰化縣,彰化市,中華路派出所,彰化市中華路193號,04-7223507
彰化縣,彰化市,民生路派出所,彰化市民生路322號,04-7228644
彰化縣,彰化市,八卦山派出所,彰化市中山路二段456號,04-7284292
彰化縣,彰化市,民族路派出所,彰化市南瑤路257號,04-7228433
彰化縣,彰化市,莿桐派出所,彰化市彰鹿路6號,04-7523151
彰化縣,彰化市,泰和派出所,彰化市泰和路二段399號,04-7237560
彰化縣,彰化市,大竹派出所,彰化市彰南路二段160號,04-7381107
彰化縣,彰化市,快官派出所,彰化市彰南路五段26號,04-7381006
彰化縣,彰化市,彰化分局,彰化市民生路234號,04-7222439
彰化縣,田尾鄉,田尾分駐所,彰化縣田尾鄉光復路三段138號,04-8832854
彰化縣,田尾鄉,海豐派出所,彰化縣田尾鄉民生路三段280號,04-8222160
彰化縣,埤頭鄉,埤頭分駐所,彰化縣埤頭鄉斗苑西路305號,04-8922041
彰化縣,埤頭鄉,中和派出所,彰化縣埤頭鄉溪林路337號,04-8896155
彰化縣,溪州鄉,溪州分駐所,彰化縣溪州鄉中山路三段292號,04-8895029
彰化縣,溪州鄉,三條派出所,彰化縣溪州鄉南九甲巷5號,04-8895432
彰化縣,溪州鄉,成功派出所,彰化縣溪州鄉庄中路20號,04-8802163
彰化縣,北斗鎮,北斗派出所,彰化縣北斗鎮新政里光復路215號,04-8882604
彰化縣,田中鎮,田中派出所,彰化縣田中鎮西路里斗中路6號,04-8742051
彰化縣,田中鎮,內安派出所,彰化縣田中鎮碧峰里中南路二段601號,04-8742008
彰化縣,田中鎮,田中分局,彰化縣田中鎮沙崙里興酪路一段299號,04-8756910
彰化縣,社頭鄉,社頭分駐所,彰化縣社頭鄉社頭村員集路二段210號,04-8732036
彰化縣,社頭鄉,朝興派出所,彰化縣社頭鄉朝興村水源路12號,04-832174
彰化縣,二水鄉,二水分駐所,彰化縣二水鄉二水村員集路二段711號,04-8790015
彰化縣,二水鄉,源泉派出所,二水鄉倡和村員集路一段410號之1號,04-8792374
彰化縣,和美鎮,和美派出所,彰化縣和美鎮彰美路五段328號,04-7554005
彰化縣,和美鎮,大霞派出所,彰化縣和美鎮彰和路三段420號,04-7555564
彰化縣,和美鎮,塗厝派出所,彰化縣和美鎮塗厝里和厝路二段341號,04-7555584
彰化縣,二林鎮,二林分駐所,彰化縣二林鎮東和里斗苑路五段110號,04-8961072
彰化縣,和美鎮,嘉犁派出所,彰化縣和美鎮鐵山里彰美路三段418號,04-7555574
彰化縣,和美鎮,中寮派出所,彰化縣和美鎮犁盛里彰新路三段10號,04-7355184
彰化縣,伸港鄉,伸港分駐所,彰化縣伸港鄉中興路2段197號A棟,04-7982044
彰化縣,線西鄉,線西分駐所,彰化縣線西鄉寓埔村中央路二段65號(位於鄉公所隔壁),04-7582247
彰化縣,二林鎮,萬興派出所,彰化縣二林鎮永興里二溪路六段395號,04-8682039
彰化縣,二林鎮,原斗派出所,彰化縣二林鎮原斗里斗苑路一段917號,04-8902041
彰化縣,竹塘村,竹塘分駐所,彰化縣竹塘鄉竹塘村竹林路一段255號,04-8972014
彰化縣,竹塘村,永安派出所,彰化縣竹塘鄉永安村東陽路二段221號,04-8972684
彰化縣,大城鄉,大城分駐所,彰化縣大城鄉東城村東平路114號,04-8941012
彰化縣,大城鄉,西港派出所,彰化縣大城鄉東港村中央路10號,04-8941334
彰化縣,芳苑鄉,芳苑派出所,彰化縣芳苑鄉仁愛村芳新路20號,04-8983432
彰化縣,芳苑鄉,路上派出所,彰化縣芳苑鄉路平村上林路路上段338號,04-8983844
彰化縣,芳苑鄉,草湖派出所,彰化縣芳苑鄉建平村二溪路草二段272號,04-8862438
彰化縣,芳苑鄉,王功派出所,彰化縣芳苑鄉王功村芳漢路王功段600號,04-8932151
彰化縣,芳苑鄉,漢寶派出所,彰化縣芳苑鄉漢寶村草漢路漢寶段495號,04-8991219
彰化縣,員林鎮,員林派出所,彰化縣員林鎮大同路一段319號,04-8320767
彰化縣,員林鎮,莒光派出所,彰化縣員林鎮員大路1段17號,04-8357857
彰化縣,員林鎮,東山派出所,彰化縣員林鎮山腳路4段2號,04-8313374
彰化縣,員林鎮,林厝派出所,彰化縣員林鎮山腳路1段462號,04-8313012
彰化縣,大村鄉,大村分駐所,彰化縣大村鄉茄苳路一段50號,04-8522014
彰化縣,大村鄉,村上派出所,彰化縣大村鄉中山路2段246號,04-8525474
彰化縣,永靖鄉,永靖分駐所,彰化縣永靖鄉中山路2段17號,04-8221813
彰化縣,永靖鄉,同安派出所,彰化縣永靖鄉永福路1段692號,04-8222159
彰化縣,秀水鄉,馬鳴派出所,彰化縣秀水鄉鶴鳴村彰鹿路98號,04-7692082
彰化縣,秀水鄉,秀水分駐所,彰化縣秀水鄉埔崙村民生街787、789號,04-7692964
彰化縣,秀水鄉,秀安派出所,彰化縣秀水鄉安溪村安溪街6號,04-7692304
彰化縣,鹿港鎮,鹿港派出所,彰化縣鹿港鎮順興里中山路300號,04-7772118
彰化縣,鹿港鎮,和興派出所,彰化縣鹿港鎮泰興里中山路108號,04-7772119
彰化縣,鹿港鎮,海埔派出所,彰化縣鹿港鎮海埔里鹿草路二段909號,04-7775565
彰化縣,鹿港鎮,草港派出所,彰化縣鹿港鎮草中里草港巷125號,04-7713404
彰化縣,鹿港鎮,頂番派出所,彰化縣鹿港鎮頂番里鹿和路四段25號,04-7711934
彰化縣,鹿港鎮,鹿港分局,彰化縣鹿港鎮東興路300號,04-7772120
彰化縣,福興鄉,福興分駐所,彰化縣福興鄉橋頭村彰鹿路七段489號,04-7775405
彰化縣,福興鄉,洪堀派出所,彰化縣福興鄉秀厝村福三路三段468號,04-7704441
彰化縣,福興鄉,外中派出所,彰化縣福興鄉外中村外中街237號,04-7792048
彰化縣,溪湖鎮,溪湖派出所,彰化縣溪湖鎮光平里員鹿路三段262號,04-8852404
彰化縣,溪湖鎮,忠覺派出所,彰化縣溪湖鎮崙子腳路66號,04-8852814
彰化縣,埔心鄉,埔心分駐所,彰化縣埔心鄉義民村員鹿路二段424號,04-8291545
彰化縣,埔鹽鄉,埔鹽分駐所,彰化縣埔鹽鄉好修村員鹿路二段160號,04-8653553
彰化縣,埔鹽鄉,埔東派出所,彰化縣埔鹽鄉埔鹽村中正路48號,04-8653784
彰化縣,埔心鄉,舊館派出所,彰化縣埔心鄉舊館村員鹿路四段182號,04-8292854
南投縣,南投市,中興派出所,南投縣南投市光華里光華路115號,049-2332544
南投縣,南投市,永清派出所,南投縣南投市營南里南營路745號,049-2325314
南投縣,南投市,光明派出所,南投縣南投市光明里光明路35號,049-2332586
南投縣,南投市,府西派出所,南投縣南投市光輝里虎山路3號,049-2332557
南投縣,南投市,鳳鳴派出所,南投市鳳鳴里八卦路837號,049-2291939
南投縣,信義鄉,和社派出所,南投縣信義鄉同富村同和巷6號,049-2701304
南投縣,埔里鎮,紙教堂PaperDome新故鄉見學園區,南投縣埔里鎮桃米里桃米巷52-12號,049-2914922
南投縣,南投市,幸福與關懷科技體驗館,南投縣南投市中興新村光明路7號,049-6003775轉5072
南投縣,南投市,台灣麻糬主題館,南投縣南投市自強三路3號,049-2261123
南投縣,國姓鄉,國姓驛站,南投縣國姓鄉中正路一段127號,049-2723011
南投縣,信義鄉,信義鄉農會梅子夢工廠,南投縣信義鄉明德村新開巷11號,049-2791949
南投縣,鹿谷鄉,溪頭夏緹飯店,南投縣鹿谷鄉內湖村興產路24-18號,049-2753333
南投縣,水里鄉,水里火車站鐵馬驛站,南投縣水里鄉水里村民生路440號,049-2775103
南投縣,水里鄉,禪與松休閒養生會館,南投縣水里鄉頂崁村頂平路71巷11號,049-2871277
南投縣,名間鄉,全家名間金交流店,南投縣名間鄉彰南路243號,049-2731964
南投縣,魚池鄉,OTOP台灣地方特色產品館日月潭館,南投縣魚池鄉名勝街24號,049-2856535
南投縣,埔里鎮,皂腳工坊,南投縣埔里鎮仁愛路524號,049-2998805
南投縣,竹山鎮,同美彩色快速沖印店,南投縣竹山鎮菜園路38-2號,0928-334583
南投縣,草屯鎮,添興師體驗館,南投縣草屯鎮碧山路952號,049-2300182
南投縣,集集鎮,集集火車站,南投縣集集鎮民生路75號,049-2762546
雲林縣,斗六市,大同醬油黑金釀造館,雲林縣斗六市工業區斗工二路39號,05-5573636
雲林縣,古坑鄉,蜜蜂故事館,雲林縣古坑鄉湳子路88號,05-5828255
雲林縣,古坑鄉,福祿壽觀光酒廠,雲林縣古坑鄉中山路11號,05-5823106
雲林縣,虎尾鎮,興隆毛巾觀光工廠,雲林縣虎尾鎮埒內里84-1號,05-6220559
雲林縣,虎尾鎮,iicake 雲林蛋糕毛巾咖啡館,雲林縣虎尾鎮光復路2號,05-6336728
雲林縣,西螺鎮,道之驛-雲林形象物產館,雲林縣西螺鎮振興里116號,05-5876425
雲林縣,西螺鎮,財團法人雲林縣螺陽文教基金會-西螺延平老街文化館,雲林縣西螺鎮延平路92號,05-5861444
雲林縣,西螺鎮,丸莊醬油觀光工廠,雲林縣西螺鎮延平路25號,05-5863666
雲林縣,口湖鄉,金湖休閒農業發展協會,雲林縣口湖鄉崇文路二段402巷50號,05-7895475
雲林縣,林內鄉,林內分駐所,雲林縣林內鄉中山路1號,05-5892404
雲林縣,林內鄉,重興派出所,雲林縣林內鄉重興村重興70號,05-5892514
雲林縣,荊桐鄉,莿桐分駐所,雲林縣莿桐鄉莿桐村中山路170號,05-5842025
雲林縣,荊桐鄉,饒平派出所,雲林縣莿桐鄉饒平村饒平179號,05-5842034
雲林縣,斗六市,斗六派出所,雲林縣斗六市文化路36號,05-5322130
雲林縣,斗六市,公正派出所,雲林縣斗六市大學路一段637號,05-5323180
雲林縣,斗六市,長平派出所,雲林縣斗六市長平里長平路17號,05-5327649
雲林縣,斗六市,長安派出所,雲林縣斗六市長安里長安西路2號,05-5517650
雲林縣,斗六市,榴中派出所,雲林縣斗六市榴中里石榴路81號,05-5573651
雲林縣,斗六市,梅林派出所,雲林縣斗六市梅林里梅林路392號,05-5572493
雲林縣,斗六市,溝埧派出所,雲林縣斗六市溝埧里仁義路89-16號,05-5220334
雲林縣,斗南鎮,斗南派出所,雲林縣斗南鎮南昌里中山路11號,05-5972047
雲林縣,斗南鎮,新光分駐所,雲林縣斗南鎮新光里延平路一段222號,05-5972540
雲林縣,斗南鎮,新崙派出所　　　　　,雲林縣斗南鎮埤麻里新厝67號,05-5973524
雲林縣,斗南鎮,四維派出所,雲林縣斗南鎮石溪里中和路77號,05-5973554
雲林縣,斗南鎮,建國派出所　　　　　　,雲林縣斗南鎮阿丹李阿丹1號,05-5973724
雲林縣,大埤鄉,大埤派出所　　　　,雲林縣大埤鄉北和村中山路102號,05-5912040
雲林縣,大埤鄉,怡美派出所　　　,雲林縣大埤鄉怡然村6鄰怡美路56號,05-5912060
雲林縣,古坑鄉,古坑派出所,雲林縣古坑鄉中山路393-1號,05-5821324
雲林縣,古坑鄉,永光派出所,雲林縣古坑鄉永光村光昌路58號,05-5821354
雲林縣,古坑鄉,東和派出所,雲林縣古坑鄉東和村文化路137號,05-5260642
雲林縣,古坑鄉,華山派出所　　　　　,雲林縣古坑鄉華山村華山50號,05-5901317
雲林縣,古坑鄉,樟湖派出所　　　　　,雲林縣古坑鄉樟湖村樟湖14號,05-5811151
雲林縣,古坑鄉,草嶺派出所　　　　,雲林縣古坑鄉草嶺村草嶺38號,05-5831009
雲林縣,虎尾鎮,虎尾派出所　　　　　,雲林縣虎尾鎮光復路151號,05-6322118　
雲林縣,虎尾鎮,埒內派出所　　　　　,雲林縣虎尾鎮埒內45號,05-6221995　
雲林縣,虎尾鎮,惠來派出所,雲林縣虎尾鎮惠來里惠來路100號,05-6222065　
雲林縣,虎尾鎮,東屯派出所,雲林縣虎尾鎮東屯里143號,05-6651474　
雲林縣,土庫鎮,土庫分駐所,雲林縣土庫鎮中山路245號,05-6222514　
雲林縣,土庫鎮,馬光派出所　　　,雲林縣土庫鎮南平里馬光路64號,05-6652364　
雲林縣,褒忠鄉,褒忠分駐所　　 　　　,雲林縣褒忠鄉中正路274號,05-6972040　
雲林縣,褒忠鄉,龍岩派出所　　　　,雲林縣褒忠鄉田洋村中新路1號,05-6972544　
雲林縣,元長鄉,元長分駐所,雲林縣元長鄉中山路124-2號,05-7882009　
雲林縣,元長鄉,客厝派出所,雲林縣元長鄉客厝村客厝63號,05-7882764　
雲林縣,元長鄉,鹿寮派出所,雲林縣元長鄉瓦瑤村中央路19號,05-7983725
雲林縣,二崙鄉,二崙分駐所,雲林縣二崙鄉崙東村中興路3號,05-5982595
雲林縣,二崙鄉,永定派出所,雲林縣二崙鄉永定村永定路35號,05-5982604
雲林縣,二崙鄉,油車派出所,雲林縣二崙鄉油車村文化路8號,05-5982334
雲林縣,崙背鄉,崙背分駐所　　　　,雲林縣崙背鄉民權路114號,05-6962016
雲林縣,崙背鄉,豐榮派出所,雲林縣崙背鄉豐榮村豐榮路2號,05-6552159
雲林縣,西螺鎮,西螺派出所　　　,雲林縣西螺鎮福興里公正路21號,05-5862014
雲林縣,西螺鎮,埤源派出所　　　　,雲林縣西螺鎮埤頭里埤頭75號,05-5862384
雲林縣,西螺鎮,和心派出所　 　　,雲林縣西螺鎮河南里埔心路14號,05-5862544
雲林縣,西螺鎮,吳厝派出所　　　,雲林縣西螺鎮吳厝里吳厝51號,05-5862484
雲林縣,北港鎮,北港派出所,雲林縣北港鎮西勢里義民路51號,05-7832064
雲林縣,北港鎮,北辰派出所,雲林縣北港鎮新街里華勝路399號,05-7834082
雲林縣,北港鎮,好收派出所,雲林縣北港鎮好收里好收路23號,05-7922194
雲林縣,水林鄉,宏仁派出所,雲林縣水林鄉灣西村宏仁路77號,05-7851885
雲林縣,水林鄉,水林派出所,雲林縣水林鄉水北村水林路60號,05-7853541
雲林縣,水林鄉,土厝派出所,雲林縣水林鄉土厝村大庄46號,05-7852884
雲林縣,水林鄉,蔦松派出所,雲林縣水林鄉松中村蔦松路20號,05-7841891
雲林縣,口湖鄉,口湖派出所,雲林縣口湖鄉口湖村口湖路104號,05-7892014
雲林縣,口湖鄉,宜梧派出所,雲林縣口湖鄉梧南村光明路124號,05-7907180
雲林縣,口湖鄉,金湖派出所,雲林縣口湖鄉港西村三民路1號,05-7971081
雲林縣,口湖鄉,下崙派出所,雲林縣口湖鄉崙中村中山路59號,05-7991084
雲林縣,麥寮鄉,麥寮分駐所,雲林縣麥寮鄉麥津村中山路208號,05-6932030
雲林縣,麥寮鄉,橋頭派出所,雲林縣麥寮鄉橋頭13鄰仁德路234號,05-6911007
雲林縣,東勢鄉,東勢分駐所,雲林縣東勢鄉東南村東勢東路83號,05-6991032
雲林縣,東勢鄉,安南派出所,雲林縣東勢鄉安南村安南路106號,05-6991514
雲林縣,四湖鄉,四湖分駐所,雲林縣四湖鄉施湖村中山路205號,05-7872031
雲林縣,四湖鄉,林厝派出所,雲林縣四湖鄉林東村中華路25號,05-7721265
雲林縣,四湖鄉,三崙派出所,雲林縣四湖鄉崙北村中山路54號,05-7721270
雲林縣,四湖鄉,飛沙派出所,雲林縣四湖鄉飛沙村大同路70號,05-7723235
雲林縣,台西鄉,臺西派出所,雲林縣臺西鄉臺西村中山路108號,05-6982244
雲林縣,台西鄉,崙豐派出所,雲林縣臺西鄉富琦村崙豐路194號,05-6901560
嘉義市,西區,北鎮派出所,嘉義市西區北港路280號,05-2322732
嘉義市,西區,八掌派出所,嘉義市西區世賢路3段451號,05-2867110
嘉義市,東區,興安派出所,嘉義市東區吳鳳南路367號,05-2224593
嘉義市,東區,公園派出所,嘉義市東區中山路2號,05-2783141
嘉義市,西區,蕭老師火雞肉飯,嘉義市西區自由路101號,05-2326836
嘉義市,西區,順益木業工廠,嘉義市西區文化路909-3號,05-2322441
嘉義市,西區,國光商行股份有限公司,嘉義市西區中興路1號(嘉義市交通轉運中心),
嘉義市,西區,鳳凰旅行社 嘉義分公司,嘉義市西區友愛路1號,05-2323557
嘉義市,東區,嘉義市東區王田社區發展協會,嘉義市東區王田里五福街119號,05-2765103
嘉義市,東區,綠茶坊手搖茶飲,嘉義市東區文化路162號,05-2237911
嘉義市,東區,融合度咖啡館,嘉義市東區中山路223號,05-2245033
嘉義市,東區,新台灣餅舖,嘉義市東區中山路294號,05-2222154
嘉義市,東區,承億文旅-桃城茶樣子,嘉義市東區忠孝路516號,05-2280555
嘉義市,東區,檜意森活村,嘉義市東區林森東路1號,05-2761601
嘉義市,東區,7-11元福門市,嘉義市東區林森東路288號,05-2775489
嘉義市,東區,芬芳園,嘉義市東區大雅路2段56號,05-2765238
嘉義市,東區,長竹派出所,嘉義市東區民權東路34 號,05-2770641
嘉義縣,朴子市,山海大飯店,嘉義縣朴子市大榔1020號,05-3709399
嘉義縣,布袋鎮,魍港咖啡,嘉義縣布袋鎮好美里83號,05-3431217
嘉義縣,竹崎,登山食堂,嘉義縣竹崎鄉中和村奮起湖168號,05-2562666
嘉義縣,竹崎,7-11石棹門市,嘉義縣竹崎鄉中和村石棹22-27、22-29號,05-2562736
嘉義縣,梅山鄉,隆榮商店,嘉義縣梅山鄉太平村17號,05-2571278
嘉義縣,梅山鄉,梅問屋梅子元氣館,嘉義縣梅山鄉中山路527號,05-2620800
嘉義縣,梅山鄉,余順豐花生觀光工廠,嘉義縣東石鄉蔦松村湖底路20-28號,05-3792217
嘉義縣,民雄,民雄分局,嘉義縣民雄東榮村民族路21號,05-2262014
嘉義縣,朴子市,朴子分局,嘉義縣朴子市光復路33號,05-3793584
嘉義縣,水上,水上分局,嘉義縣水上水頭村中興路五二八號,05-2682025
嘉義縣,布袋鎮,布袋分局,嘉義縣布袋鎮岑海里順安路168號,05-3472574
嘉義縣,中埔,中埔分局,嘉義縣中埔中埔村中正路66號,05-2531013
嘉義縣,竹崎,竹崎分局,嘉義縣竹崎竹崎村中山路72號,05-2611089
台南市,東山區,東山服務區,臺南市東山區枋子林74-6號,06-6231158
台南市,白河區,雲萊山莊,臺南市白河區關嶺里129號,06-6823038
台南市,白河區,7-11仙草埔門市,臺南市白河區仙草里仙草6之30號,06-6832662
台南市,北門區,夕遊井仔腳瓦盤鹽田,臺南市北門區永華里西南郊井仔腳復育鹽田,06-7861629
台南市,善化區,7-11善和門市,善化區大成路319號,06-5854317
台南市,善化區,全家善化正國店,善化區文昌里中正路160號,06-5853799
台南市,玉井區,有間冰舖,臺南市玉井區中正路152號,06-5742869
台南市,楠西區,果農之家,臺南市楠西區密枝里6號,06-5750035
台南市,安平區,DOGA香酥脆椒,臺南市安平區安平路556號,06-2218995
台南市,柳營區,果毅派出所,臺南市柳營區神農里296號,06-6231514
台南市,柳營區,重溪派出所,臺南市柳營區篤農里229號,06-6231664
台南市,柳營區,柳營分駐所,臺南市柳營區士林里柳營路一段785號,06-6223424
台南市,鹽水區,竹埔派出所,臺南市鹽水區竹埔里1號,06-6551960
台南市,鹽水區,華雅派出所,臺南市鹽水區歡雅里25號,06-6552307
台南市,鹽水區,鹽水分駐所,臺南市鹽水區中境里武廟路23號,06-6521032
台南市,新營區,太宮派出所,臺南市新營區太南里太子宮201號,06-6524753
台南市,新營區,後鎮派出所,臺南市新營區建國路110號,06-6328752
台南市,新營區,中山路派出所,臺南市新營區中山路119號,06-6322306
台南市,新營區,民治派出所,臺南市新營區民權里民治路49號,06-6322164
台南市,後壁區,長安派出所,臺南市後壁區頂長里4號,06-6622664
台南市,後壁區,菁寮派出所,臺南市後壁區菁寮里77號,06-6621401
台南市,後壁區,安溪派出所,臺南市後壁區長安里59號,06-6361302
台南市,後壁區,後壁分駐所,臺南市後壁區後壁里4號,06-6872744
台南市,東山區,東原、青山派出所,臺南市東山區東原里前大埔9號,06-6861051
台南市,東山區,東河、水雲派出所,臺南市東山區東河里吉貝耍16號,06-6231630
台南市,東山區,東山分駐所,臺南市東山區所前路219號,06-6800024
台南市,白河區,關嶺派出所,臺南市白河區關嶺里14號,06-6822629
台南市,白河區,仙草、河東派出所,臺南市白河區仙草里2鄰7之1號,06-6854044
台南市,白河區,玉豐派出所,臺南市白河區玉豐里87號,06-6854887
台南市,白河區,內角派出所,臺南市白河區內角里30號,06-6816374
台南市,白河區,竹門派出所,臺南市白河區竹門里125號,06-6854324
台南市,白河區,白河派出所,臺南市白河區中山路128號,06-6852018
台南市,官田區,湖山派出所,臺南市官田區嘉南里41號,06-6982533
台南市,官田區,拔林派出所,臺南市官田區拔林里74號,06-6901362
台南市,官田區,官鎮派出所,臺南市官田區官田里383號,06-6901160
台南市,官田區,官田分駐所,臺南市官田區隆田里中山路1段131號,06-5791800
台南市,六甲區,王爺派出所,臺南市六甲區王爺里王爺宮15號,06-6981834
台南市,六甲區,大丘派出所,臺南市六甲區大丘里大丘園5號,06-6981835
台南市,六甲區,鳳林派出所,臺南市六甲區中社里林鳳營154號,06-6982390
台南市,六甲區,六甲分駐所,臺南市六甲區中山路210號,06-6982139
台南市,下營區,茅港派出所,臺南市下營區茅港里298號,06-6892454
台南市,下營區,下營分駐所,臺南市下營區中山路1段226號,06-6892032
台南市,麻豆區,總爺派出所,臺南市麻豆區南勢里93號,06-5724310
台南市,麻豆區,埤頭派出所,臺南市麻豆區小埤里10鄰5號,06-5701654
台南市,麻豆區,麻豆派出所,臺南市麻豆區興國路6號,06-5722104
台南市,麻豆區,安業派出所,臺南市麻豆區安業里112號,06-5722804
台南市,西港區,後營派出所,臺南市西港區後營里後營281號,06-7952644
台南市,西港區,西港分駐所,臺南市西港區慶安里中山路337號,06-7952045
台南市,七股區,後港派出所,臺南市七股區大潭里臺潭28號,06-7941924
台南市,七股區,中鹽派出所,臺南市七股區中寮里中寮23-65號,06-7800213
台南市,七股區,三股派出所,臺南市七股區三股里三股73號,06-7881404
台南市,七股區,竹橋派出所,臺南市七股區竹橋里125號,06-7891002
台南市,七股區,七股分駐所,臺南市七股區玉城里24號,06-7872154
台南市,佳里區,塭內派出所,臺南市佳里區龍安里8鄰塭子內84號,06-7891415
台南市,佳里區,延平派出所,臺南市佳里區頂里頂118號,06-7223094
台南市,佳里區,佳興派出所,臺南市佳里區興化里佳里興441號,06-7261404
台南市,佳里區,子龍派出所,臺南市佳里區子龍里子良廟96號,06-7262290
台南市,佳里區,佳里派出所,臺南市佳里區六安里27鄰忠孝路7號,06-7224145
台南市,北門區,蚵寮派出所,臺南市北門區保吉里蚵寮62-9號,06-7860121
台南市,北門區,文山派出所,臺南市北門區中樞里56號,06-7862324
台南市,北門區,北門分駐所,臺南市北門區北門里舊埕22號,06-7862041
台南市,將軍區,鯤鯓派出所,臺南市將軍區鯤鯓里95號,06-7920204
台南市,將軍區,將富派出所,臺南市將軍區將富里將富50號,06-7942664
台南市,將軍區,苓和派出所,臺南市將軍區苓和里苓和100號,06-7942855
台南市,將軍區,將軍分駐所,臺南市將軍區忠興里6號,06-7942182
台南市,學甲區,頂洲派出所,臺南市學甲區三慶里頂洲110之1號,06-7810040
台南市,學甲區,宅港派出所,臺南市學甲區宅港里宅港52號,06-7833904
台南市,學甲區,中浯派出所,臺南市學甲區中洲里中洲287號,06-7833907
台南市,學甲區,學甲派出所,臺南市學甲區慈福里華宗路294號,06-7833208
台南市,善化區,善化派出所,善化區中山路353-1號,06-5817007
台南市,善化區,茄拔派出所,善化區嘉南里茄拔350號,06-5837379
台南市,善化區,溪美派出所,善化區溪美里115號,06-5817981
台南市,善化區,東昌派出所,善化區東昌里東勢寮101 號,06-5837305
台南市,安定區,蘇厝派出所,安定區蘇林里70號,06-5921514
台南市,安定區,安定分駐所,安定區保西里443號,06-5922277
台南市,安定區,港口派出所,安定區港南里1-13號,06-5932235
台南市,安定區,海寮派出所,安定區海寮里126號,06-5931251
台南市,大內區,大內分駐所,大內區石城里74號,06-5761039
台南市,大內區,頭社派出所,大內區頭社里60號,06-5761564
台南市,大內區,二溪派出所,大內區二溪里150號,06-5762017
台南市,新市區,新市分駐所,新市區新市里復興路2號,06-5993019
台南市,新市區,潭頂派出所,新市區潭頂里398號,06-5991934
台南市,山上區,山上分駐所,臺南市山上區山上里35號,06-5781019
台南市,左鎮區,岡林派出所,臺南市左鎮區岡林里37號,06-5730032
台南市,左鎮區,左鎮分駐所,臺南市左鎮區左鎮里122號,06-5731017
台南市,新化區,那拔派出所,臺南市新化區那拔里75號,06-5911051
台南市,新化區,知義派出所,臺南市新化區山腳里頂山腳182-1號,06-5902949
台南市,新化區,唪口派出所,臺南市新化區協興里中山路660巷50號,06-5982924
台南市,新化區,新化派出所,臺南市新化區中山路91號,06-5902003
台南市,龍崎區,龍船派出所,臺南市龍崎區石槽里米市園1號,06-5941099
台南市,龍崎區,龍崎分駐所,臺南市龍崎區崎頂里新市子37號,06-5941010
台南市,關廟區,關廟分駐所,臺南市關廟區關廟里文衡路19號,06-5952013
台南市,關廟區,南雄派出所,臺南市關廟區田中里田中2號,06-5551907
台南市,關廟區,保東派出所,臺南市關廟區埤頭里埤頭62號,06-5955799
台南市,歸仁區,媽廟派出所,臺南市歸仁區媽廟里中正北路3段100號,06-2309731
台南市,歸仁區,歸仁派出所,臺南市歸仁區歸仁里忠孝北路160號,06-2304028
台南市,歸仁區,歸南派出所,臺南市歸仁區六甲里中正南路1段1209號,06-2307887
台南市,歸仁區,大潭派出所,臺南市歸仁區大潭里長榮路1段295號,06-2781450
台南市,仁德區,依仁派出所,臺南市仁德區中洲里中洲12號,06-2661245
台南市,仁德區,文賢派出所,臺南市仁德區成功里二仁路2段600號,06-2661788
台南市,仁德區,德南派出所,臺南市仁德區後壁里中正路2段271號,06-2791341
台南市,仁德區,仁德分駐所,臺南市仁德區仁德里中山路624號,06-2702664
台南市,仁德區,太廟派出所,臺南市仁德區太子村太子路461號,06-2726472
台南市,玉井區,玉井派出所,臺南市玉井區中山路2號,06-5742479
台南市,玉井區,望明派出所,臺南市玉井區望明村75號,06-5742445
台南市,玉井區,豐里派出所,臺南市玉井區豐里村5,06-5742091
台南市,楠西區,楠西分駐所,臺南市楠西區楠西村中正路224號,06-5771252
台南市,楠西區,鹿田派出所,臺南市楠西區鹿田村30號,06-5751183
台南市,南化區,南化分駐所,臺南市南化區南化村170號,06-5771179
台南市,南化區,東埔派出所,臺南市南化區東和村1號,06-5771629
台南市,南化區,玉山派出所,臺南市南化區玉山村54號,06-5772058
台南市,南化區,北寮派出所,臺南市南化區北寮村110號,06-5772057
台南市,永康區,永康派出所,臺南市永康區中山北路2號,06-2326081
台南市,永康區,鹽行派出所,臺南市永康區中正北路65號,06-2531444
台南市,永康區,大灣派出所,臺南市永康區民族路295號,06-2712274
台南市,永康區,復興派出所,臺南市永康區中華路34號,06-3115874
台南市,永康區,龍潭派出所,臺南市永康區龍埔街137號,06-2327954
台南市,永康區,大橋派出所,臺南市永康區大橋二街146號,06-2044835
台南市,永康區,永信派出所,臺南市永康區國華街102巷110號,06-2014426
高雄市,鼓山區,全家高雄美明店,高雄市鼓山區美明路102號,07-5537553
高雄市,美濃區,美綠生態園,高雄市美濃區獅山里竹門(路)14-2號,07-6851111
高雄市,六龜區,清逸軒香草庭園餐廳,高雄市六龜區新發里新開路90-9號,07-6791699
高雄市,六龜區,十八羅漢山服務區,高雄市六龜區文武里復興巷66號,07-6894582
高雄市,新興區,中正三路派出所,高雄市新興區中正三路3號,07-2266137， 07-2270189
高雄市,新興區,中山派出所,高雄市新興區中山一路100號,07-2211209
高雄市,新興區,五福二路派出所,高雄市新興區五福二路222號,07-2316481
高雄市,前金區,自強派出所,高雄市前金區自強二路63號,07-2910188
高雄市,前金區,前金分駐所,高雄市前金區中正四路174號,07-2212901
高雄市,前鎮區,一心派出所,高雄市前鎮區一心一路286號,07-7264661
高雄市,前鎮區,瑞隆派出所,高雄市前鎮區班超路49號,07-8221183
高雄市,前鎮區,草衙派出所,高雄市前鎮區鎮中路150號,07-8213705
高雄市,前鎮區,前鎮派出所,高雄市前鎮區前鎮街260號,07-8310309
高雄市,前鎮區,復興派出所,高雄市前鎮區復興三路96號,07-3342434
高雄市,仁武區,仁武派出所,高雄市仁武區中正路 135 號,07-3711432
高雄市,仁武區,澄觀派出所,高雄市仁武區八德西路 189 號,07-3718188
高雄市,大社區,大社分駐所,高雄市大社區金龍路 63 號,07-3511369
高雄市,大樹區,大樹分駐所,高雄市大樹區中興南路 15 號,07-6512439
高雄市,大樹區,九曲派出所,高雄市大樹區久堂路 130 號,07-6512027
高雄市,大樹區,溪埔派出所,高雄市大樹區溪埔路 65 號,07-6561044
高雄市,鳥松區,鳥松分駐所,高雄市鳥松區中正路 96 號,07-7313343
高雄市,鳥松區,大華派出所,高雄市鳥松區澄清路 821 號,07-3701994
高雄市,鳥松區,仁美派出所,高雄市鳥松區仁德路 16 號,07-7314057
高雄市,鹽埕區,鹽埕分局,高雄市鹽埕區建國四路337號,07-5513424
高雄市,鹽埕區,七賢派出所,高雄市鹽埕區建國四路170號,07-5513534
高雄市,鹽埕區,建國四路派出所,高雄市鹽埕區建國四路257號,07-5512832
高雄市,鹽埕區,五福四路派出所,高雄市鹽埕區五福四路107號,07-5512968
高雄市,小港區,小港分局,高雄市小港區小港路20號,07-8019207
高雄市,小港區,小港派出所,高雄市小港區平和南路119號1樓,07-8215913
高雄市,小港區,漢民派出所,高雄市小港區宏平路367號1樓,07-8064590
高雄市,小港區,高松派出所,高雄市小港區高松路25號1樓,07-8010795
高雄市,小港區,桂陽派出所,高雄市小港區桂陽路338號,07-7912688
高雄市,小港區,大林派出所,高雄市小港區鳳林路116號1樓,07-8712237
高雄市,岡山區,岡山分局,高雄市岡山區壽天里壽天路10號,07-6212025
高雄市,岡山區,壽天派出所,高雄市岡山區大仁北路5號,07-6216400
高雄市,岡山區,前峰派出所,高雄市岡山區中華路53號,07-6265134
高雄市,岡山區,嘉興派出所,高雄市岡山區嘉興路251號,07-6216401
高雄市,橋頭區,橋頭分駐所,高雄市橋頭區成功路156號,07-6113555
高雄市,橋頭區,甲圍派出所,高雄市橋頭區甲樹路1170號,07-6110384
高雄市,燕巢區,鳳雄派出所,高雄市燕巢區鳳旗路171號,07-6153054
高雄市,燕巢區,深水派出所,高雄市燕巢區深興路88號,07-6152054
高雄市,燕巢區,燕巢分駐所,高雄市燕巢區中民路585號,07-6161402
高雄市,梓官區,梓官分駐所,高雄市梓官區梓官路267號,07-6171403
高雄市,梓官區,赤崁派出所,高雄市梓官區赤崁西路12號,07-6101404
高雄市,彌陀區,彌陀分駐所,高雄市彌陀區中華路16號,07-6176405
高雄市,彌陀區,舊港派出所,高雄市彌陀區舊港橫路1號,07-6196994
高雄市,永安區,永安分駐所,高雄市永安區永安路22號,07-6912044
高雄市,左營區,博愛四路派出所,高雄市左營區博愛四路437號,07-3487976
高雄市,左營區,左營派出所,高雄市左營區進學路一號,07-5813019
高雄市,左營區,四海派出所,高雄市左營區明德新村35號,07-5811544
高雄市,左營區,舊城派出所,高雄市左營區左營大路101號,07-5853036
高雄市,左營區,啟文派出所,高雄市左營區中華一路2-12號,07-5831597
高雄市,左營區,新莊派出所,高雄市左營區新莊仔路772號,07-5562630
高雄市,楠梓區,加昌派出所,高雄市楠梓區外環西路119號,07-3655961
高雄市,楠梓區,右昌派出所,高雄市楠梓區建昌里右昌街250號,07-3612977
高雄市,楠梓區,楠梓派出所,高雄市楠梓區東寧里旗楠路25號,07-3511145
高雄市,楠梓區,後勁派出所,高雄市楠梓區宏毅里後昌路214號,07-3612554
高雄市,楠梓區,翠屏派出所,高雄市楠梓區翠屏里德祥路147號,07-3649783
高雄市,湖內區,湖內分局,高雄市湖內區中山路一段290號,07-6932155
高雄市,湖內區,湖街派出所,高雄市湖內區大胡里中山路一段 290 之1號,07-6934784
高雄市,湖內區,湖內派出所,高雄市湖內區中賢里中正路二段95 號,07-6993229
高雄市,路竹區,路竹分駐所,高雄市路竹區竹南里國昌路86巷 24號,07-6962615
高雄市,路竹區,竹滬派出所,高雄市路竹區竹滬里華山路31號,07-6981824
高雄市,路竹區,一甲派出所,高雄市路竹區社西里金平路356號,07-6962954
高雄市,路竹區,湖內交通分隊,高雄市路竹區竹南里國昌路86巷24號,07-6976877
高雄市,茄萣區,砂崙派出所,高雄市茄萣區萬福里白砂路239巷2弄9號,07-6900055
高雄市,茄萣區,茄萣派出所,高雄市茄萣區嘉福里茄萣路二段1號,07-6902276
高雄市,阿蓮區,阿蓮分駐所,高雄市阿蓮區南蓮里忠孝路226號,07-6312029
高雄市,田寮區,田寮分駐所,高雄市田寮區南安里崗安路99號,07-6361878
高雄市,田寮區,崇德派出所,高雄市田寮區崇德里崇德路49號,07-6366774
高雄市,田寮區,蛙潭派出所,高雄市田寮區七星里七星路11號,07-6361192
高雄市,田寮區,古亭派出所,高雄市田寮區古亭里古亭路39號,07-6367058
高雄市,鼓山區,鼓山分局,高雄市鼓山區鼓山一路105號,07-5514005
高雄市,鼓山區,內惟派出所,高雄市鼓山區九如四路1139號,07-5826970
高雄市,鼓山區,龍華派出所,高雄市鼓山區中華一路301號,07-5554803
高雄市,鼓山區,鼓山派出所,高雄市鼓山區鼓山二路81號,07-5511164
高雄市,鼓山區,新濱派出所,高雄市鼓山區臨海三路2號,07-5514863
高雄市,旗津區,中洲派出所,高雄市旗津區中洲二路66號,07-5712328
高雄市,旗津區,旗津派出所,高雄市旗津區廟前路137號,07-5715492
高雄市,三民區,三民第一分局,高雄市三民區同盟一路367號,07-3118675
高雄市,三民區,十全派出所,高雄市三民區十全一路86號,07-3115807
高雄市,三民區,哈爾濱派出所,高雄市三民區哈爾濱街215號,07-3110785
高雄市,三民區,長明派出所,高雄市三民區南華路253號,07-2357624
高雄市,三民區,三民派出所,高雄市三民區建國三路188號,07-2211460
高雄市,三民區,鼎山派出所,高雄市三民區鼎山街260號,07-3907880
高雄市,三民區,鼎金派出所,高雄市三民區鼎力路125號,07-3426730
高雄市,三民區,民族派出所,高雄市三民區民族一路208號,07-3822653
高雄市,三民區,陽明派出所,高雄市三民區義華路272號,07-3922032
高雄市,三民區,覺民派出所,高雄市三民區覺民路366號１樓,07-3842108
高雄市,旗山區,建國派出所,高雄市旗山區湄洲里華中街1號,07-6612045
高雄市,旗山區,大洲派出所,高雄市旗山區大山里旗南二路128號,07-6661305
高雄市,旗山區,嶺口派出所,高雄市旗山區南勝里旗南三路212號,07-6651021
高雄市,旗山區,旗尾派出所,高雄市旗山區東平里延平二路21號,07-6614306
高雄市,旗山區,廣福派出所,高雄市旗山區廣福里旗屏二路18號,07-6613260
高雄市,旗山區,圓潭派出所,高雄市旗山區中正里旗甲路三段165號,07-6691307
高雄市,美濃區,美濃分駐所,高雄市美濃區泰安里永安路122號,07-6812029
高雄市,美濃區,中壇派出所,高雄市美濃區祿興里中興路一段636號,07-6812798
高雄市,美濃區,吉東派出所,高雄市美濃區吉和里中正路三段416號,07-6831744
高雄市,美濃區,龍肚派出所,高雄市美濃區龍山里龍肚街63號,07-6851797
高雄市,美濃區,廣興派出所,高雄市美濃區廣德里民族路100號,07-6812794
高雄市,內門區,內門分駐所,高雄市內門區內門里內門114號,07-6671309
高雄市,內門區,中埔派出所,高雄市內門區中埔里中埔36號,07-6673308
高雄市,內門區,溝坪派出所,高雄市內門區永興里頂庄9號,07-6601670
高雄市,杉林區,杉林分駐所,高雄市杉林區上平里山仙路87號,07-6771154
高雄市,杉林區,茄興派出所,高雄市杉林區木梓里茄苳巷144號,07-6779274
高雄市,甲仙區,甲仙分駐所,高雄市甲仙區東安里和安路42號,07-6751204
高雄市,甲仙區,里關派出所,高雄市甲仙區關山里中興路44巷10號,07-6752006
高雄市,苓雅區,苓雅分局,高雄市苓雅區苓雅一路367號,07-3353760
高雄市,苓雅區,成功派出所,高雄市苓雅區成功一路136號,07-3334793
高雄市,苓雅區,民權派出所,高雄市苓雅區四維二路369號,07-3333631
高雄市,苓雅區,凱旋派出所,高雄市苓雅區凱旋二路145號,07-2236222
高雄市,苓雅區,三多派出所,高雄市苓雅區三多一路168號,07-7615655
高雄市,苓雅區,福德派出所,高雄市苓雅區福德二路77號,07-7233343
高雄市,鳳山區,鳳山分局,高雄市鳳山區新興里經武路36號,07-7456110
高雄市,鳳山區,鳳崗派出所,鳳山區縣衙里曹公路 23 號,07-7412244， 07-7476099
高雄市,鳳山區,成功派出所,鳳山區誠正里中山東路 16 號,07-7462453， 07-7102814
高雄市,鳳山區,五甲派出所,鳳山區富甲里五甲二路 472 號,07-7615839， 07-7163696
高雄市,鳳山區,新甲派出所,鳳山區國光里新富路 383 號,07-7636944， 07-7632242
高雄市,鳳山區,埤頂派出所,鳳山區埤頂里中山東路 497 號,07-7013272， 07-7039438
高雄市,鳳山區,文山派出所,鳳山區文山里鳳松路 127 號,07-7324340， 07-7324341
高雄市,鳳山區,過埤派出所,鳳山區過埤里保生路 69 號,07-7923028， 07-7928168
高雄市,茂林區,茂林分駐所,茂林區茂林里茂林巷13號,07-6801200
高雄市,茂林區,萬山派出所,茂林區萬山里萬山巷1號,07-6891203
高雄市,鳳山區,忠孝派出所,鳳山區忠孝里光復路二段 188 號,07-7430754， 07-7402658
高雄市,茂林區,多納派出所,茂林區多納里多納巷1號,07-6801208
高雄市,茂林區,森山派出所,茂林區茂林里扇平巷121號,07-6892394
高雄市,六龜區,寶來派出所,六龜區寶來里中正路21號,07-6881170
高雄市,六龜區,荖濃派出所,六龜區荖濃里裕濃路18號,07-6881014
高雄市,六龜區,新威派出所,六龜區新威里新威路127號,07-6871176
高雄市,六龜區,義寶派出所,高雄市六龜區民生路1號,07-6891049
高雄市,桃源區,建山派出所,桃源區建山里建山巷36號,07-6881442
高雄市,桃源區,森濤派出所,桃源區寶山里寶山巷145號,07-6892474
高雄市,桃源區,寶山派出所,桃源區寶山里寶山巷16號,07-6892464
高雄市,桃源區,桃源分駐所,桃源區桃源里南進巷183號,07-6871176
高雄市,桃源區,高中派出所,桃源區高中里興中巷90號,07-6881385
高雄市,桃源區,復興派出所,桃源區復興里復興巷1號,07-6866088
高雄市,桃源區,拉芙蘭派出所,桃源區梅蘭里梅蘭巷113 號,07-6866087
高雄市,桃源區,梅山派出所,桃源區梅山里梅山巷52號,07-6866170
高雄市,那瑪夏區,那瑪夏分駐所,那瑪夏區民族里鞍山巷61號,07-6701168
高雄市,那瑪夏區,民權派出所,那瑪夏區民族里平和巷11號,07-6701282
高雄市,那瑪夏區,達卡努瓦派出所,那瑪夏區民生里秀領巷87號,07-6701118
高雄市,那瑪夏區,民治派出所,那瑪夏區民族里錫安山巷1號,07-6761280
高雄市,林園區,林園派出所,高雄市林園區林園北路201號,07-6412013
高雄市,林園區,港埔派出所,高雄市林園區沿海路四段326號,07-6413695
高雄市,林園區,中芸派出所,高雄市林園區力行路250號,07-6412792
高雄市,林園區,林園分隊港埔小隊,高雄市林園區沿海路四段326號,07-6413695
高雄市,大寮區,昭明派出所,高雄市大寮區鳳林一路287號,07-6411903
高雄市,大寮區,大寮分駐所,高雄市大寮區鳳林三路377號,07-7816336
高雄市,大寮區,忠義派出所,高雄市大寮區鳳林四路353 號,07-7817429
高雄市,大寮區,中庄派出所,高雄市大寮區仁愛路101號,07-7016714
高雄市,大寮區,大發駐在所,高雄市大寮區華中路1號,07-7884000
高雄市,大寮區,交通大隊林園分隊,高雄市大寮區鳳林四路353 號,07-7826500
屏東縣,屏東市,民和派出所,屏東市民生路40號,08-7223077
屏東縣,屏東市,民生派出所,屏東市北平路40號,08-7322646
屏東縣,屏東市,民族派出所,屏東市民族路152號,08-7322072
屏東縣,屏東市,大同派出所,屏東市清進巷208號,08-7555413
屏東縣,屏東市,崇蘭派出所,屏東市迪化街48號,08-7656206
屏東縣,屏東市,建國派出所,屏東市復興路243號,08-7522978
屏東縣,屏東市,歸來派出所,屏東市民生東路94號,08-7224416
屏東縣,屏東市,海豐派出所,屏東市海豐街18號,08-7367704
屏東縣,屏東市,公館派出所,屏東市龍華路157號,08-7527484
屏東縣,萬丹鄉,新鐘派出所,屏東縣萬丹鄉新鐘村新鐘路64號,08-7772254
屏東縣,萬丹鄉,萬丹分駐所,屏東縣萬丹鄉萬丹路136號,08-7772004
屏東縣,長治鄉,德協派出所,屏東縣長治鄉德協村中興路635號,08-7621604
屏東縣,長治鄉,繁華派出所,屏東縣長治鄉繁昌村中山路102號,08-7621384
屏東縣,長治鄉,長治分駐所,屏東縣長治鄉進興村復興路2號,08-7366741
屏東縣,麟洛鄉,麟洛分駐所,屏東縣麟洛鄉中山路437號,08-7221528
屏東縣,內埔鄉,內埔派出所,屏東縣內埔鄉內埔村中興路158號1樓,08-7792018
屏東縣,內埔鄉,龍泉派出所,屏東縣內埔鄉龍泉村原勝路76號,08-7701744
屏東縣,內埔鄉,新北勢派出所,屏東縣內埔鄉豐田村新中路137號,08-7792804
屏東縣,萬巒鄉,萬巒分駐所,屏東縣萬巒鄉萬巒村褒忠路167號,08-7811320
屏東縣,萬巒鄉,佳佐派出所,屏東縣萬巒鄉佳和村佳興路30號,08-7831114
屏東縣,萬巒鄉,赤山派出所,屏東縣萬巒鄉赤山村東山路101號,08-7833451
屏東縣,瑪家鄉,瑪家分駐所,屏東縣瑪家鄉北葉村風景巷1號,08-7991749
屏東縣,瑪家鄉,佳義派出所,屏東縣瑪家鄉佳義村泰平巷83之一號,08-7990163
屏東縣,泰武鄉,泰武分駐所,屏東縣泰武鄉佳平村佳平巷1號,08-7833038
屏東縣,泰武鄉,忠孝派出所,屏東縣泰武鄉泰武村良武巷101號,08-7920001
屏東縣,高樹鄉,泰山派出所,屏東縣高樹鄉山下路71號,08-7956334
屏東縣,高樹鄉,新南派出所,屏東縣高樹鄉興店路8號,08-7962584
屏東縣,高樹鄉,高樹警察分駐所,屏東縣高樹鄉興中路334號,08-7962021
屏東縣,高樹鄉,舊寮派出所,屏東縣高樹鄉新豐村民安路1號之10,08-7916063
屏東縣,九如鄉,九如分駐所,屏東縣九如鄉九如路二段177號,08-7392424
屏東縣,鹽埔鄉,鹽埔分駐所,屏東縣鹽埔鄉中山路41號,08-7932224
屏東縣,鹽埔鄉,新圍派出所,屏東縣鹽埔鄉維新路129號,08-7932244
屏東縣,鹽埔鄉,振興派出所,屏東縣鹽埔鄉中正路6號,08-7020234
屏東縣,三地門鄉,青山派出所,屏東縣三地門鄉青山村民族巷61號之2,08-7960690
屏東縣,三地門鄉,三地門分駐所,屏東縣三地門鄉治安巷3號,08-7991154
屏東縣,三地門鄉,三德檢查哨,屏東縣三地門鄉達發達旺巷1號,08-7992513
屏東縣,三地門鄉,口社派出所,屏東縣三地門鄉口社村信義巷59號之2,08-7957078
屏東縣,三地門鄉,德文派出所,屏東縣三地門鄉德文巷3號,08-7996067
屏東縣,里港鄉,大平派出所,屏東縣里港鄉中山路103號,08-7752034
屏東縣,里港鄉,三和派出所,屏東縣里港鄉土庫路140號,08-7731145
屏東縣,霧台鄉,霧台分駐所,屏東縣霧台鄉神山巷71號,08-7902238
屏東縣,潮州鎮,光華派出所,屏東縣潮州鎮光華里中山路12號,08-7884265
屏東縣,潮州鎮,中山路派出所,屏東縣潮州鎮新生里新生路81號,08-7882347
屏東縣,潮州鎮,四林派出所,屏東縣潮州鎮泗林里明倫路15號,08-7882767
屏東縣,竹田鄉,竹田分駐所,屏東縣竹田鄉竹田村中正路111號,08-7710734
屏東縣,竹田鄉,泗洲派出所,屏東縣竹田鄉泗洲村洲中路44號,08-7892582
屏東縣,竹田鄉,西勢派出所,屏東縣竹田鄉西勢村龍門路58號,08-7792844
屏東縣,新埤鄉,新埤分駐所,屏東縣新埤鄉新埤村新華路146號,08-7971045
屏東縣,新埤鄉,餉潭派出所,屏東縣新埤鄉餉潭村龍潭路137號,08-7981819
屏東縣,來義鄉,來義分駐所,屏東縣來義鄉古樓村中正路92號,08-7850156
屏東縣,來義鄉,南和派出所,屏東縣來義鄉南和村288號,08-8791415
屏東縣,東港鎮,東濱派出所,屏東縣東港鎮延平路112號,08-8322603
屏東縣,東港鎮,東港派出所,屏東縣東港鎮沿海路1號,08-8338183
屏東縣,東港鎮,大鵬灣派出所,屏東縣東港鎮大潭里大潭路122號,08-8338262
屏東縣,林邊鄉,林邊分駐所,屏東縣林邊鄉光林村中山路185號,08-8752018
屏東縣,南州鄉,南州分駐所,屏東縣南州鄉溪州村三民路52號,08-8642047
屏東縣,崁頂鄉,崁頂分駐所,屏東縣崁頂鄉崁頂村中正路117號,08-8631404
屏東縣,新園鄉,新園分駐所,屏東縣新園鄉仙吉村仙吉路140號,08-8681004
屏東縣,新園鄉,興龍派出所,屏東縣新園鄉興龍村南興路278號,08-8322433
屏東縣,琉球鄉,琉球分駐所,屏東縣琉球鄉中福村中山路262號,08-8612231
屏東縣,枋寮鄉,枋寮派出所,屏東縣枋寮鄉(村)中興路33號,08-8782949
屏東縣,枋寮鄉,建興派出所,屏東縣枋寮鄉地利村建興路262號,08-8712962
屏東縣,枋寮鄉,東海派出所,屏東縣枋寮鄉東海村東林路717號,08-8712920
屏東縣,佳冬鄉,佳冬分駐所,屏東縣佳冬鄉六根村佳和路89號,08-8662089
屏東縣,佳冬鄉,石光派出所,屏東縣佳冬鄉石光村中山路200號,08-8662034
屏東縣,枋山鄉,枋山分駐所,屏東縣枋山鄉(村)國中路26巷5-1號,08-8761129
屏東縣,枋山鄉,加祿派出所,屏東縣枋山鄉加祿村(路)102號,08-8720002
屏東縣,枋山鄉,楓港派出所,屏東縣枋山鄉善餘村德隆路19號,08-8771214
屏東縣,春日鄉,春日分駐所,屏東縣春日鄉(村、路)316號,08-8785180
屏東縣,春日鄉,歸崇派出所,屏東縣春日鄉歸崇村玉光路6號,08-8791104
屏東縣,獅子鄉,獅子分駐所,屏東縣獅子鄉楓林村2巷25號,08-8771391
屏東縣,獅子鄉,內獅派出所,屏東縣獅子鄉內獅村(巷)60號,08-8720004
屏東縣,獅子鄉,草埔派出所,屏東縣獅子鄉草埔村5號,08-8701484
屏東縣,恆春鎮,建民派出所,屏東縣恆春鎮城南里中正路60號,08-8892587
屏東縣,恆春鎮,仁壽(頭溝)派出所,屏東縣恆春鎮仁壽里仁壽路117號,08-8893247
屏東縣,恆春鎮,龍水(大光)派出所,屏東縣恆春鎮龍水里龍泉路260號,08-8894172
屏東縣,恆春鎮,墾丁(鵝鑾、南灣)派出所,屏東縣恆春鎮墾丁里墾丁路113號,08-8861039
屏東縣,車城鄉,車城(保力、溫泉)分駐所,屏東縣車城鄉褔興村中山路17號,08-8821152
屏東縣,滿州鄉,滿州(永港)分駐所,屏東縣滿州鄉滿州村中山路60號,08-8801161
屏東縣,滿州鄉,長樂(牡林)派出所,屏東縣滿州鄉長樂村大公路33號,08-8811141
屏東縣,滿州鄉,九棚(高士)派出所,屏東縣滿州鄉港仔村港仔路60號,08-8810200
屏東縣,牡丹鄉,牡丹分駐所,屏東縣牡丹鄉石門村石門路32號,08-8831110
屏東縣,牡丹鄉,旭海(仁愛)派出所,屏東縣牡丹鄉旭海村旭海路1號,08-8830200
屏東縣,屏東市,鄭媽媽手工牛軋糖,屏東縣屏東市公裕街268號,08-7348333
屏東縣,長治鄉,全家長治交流店,屏東縣長治鄉水源路195號,08-7626098
屏東縣,內埔鄉,7-11水門門市,屏東縣內埔鄉水門村忠孝路289號,08-7995113
屏東縣,萬巒鄉,鶉園休閒農場,屏東縣萬巒鄉營區路1巷8號,08-7834236
屏東縣,三地門鄉,7-11頭目門市,屏東縣三地門鄉三地門村中正路2段3號,08-7993903
屏東縣,三地門鄉,山中天休閒餐廳,屏東縣三地門鄉三地村中正路一段10-1號,08-7993440
屏東縣,里港鄉,薰之園香草休閒農場,屏東縣里港鄉過江路126號,08-7722077
屏東縣,霧台鄉,霧台神山愛玉,屏東縣霧臺鄉霧臺村神山巷16-1號,0910-841360
屏東縣,霧台鄉,台灣魯凱族產業發展協會,屏東縣霧台鄉好茶村古茶柏安街17巷5號,08-7997198
屏東縣,竹田鄉,六堆釀興業有限公司(豆油伯),屏東縣竹田鄉履豐村豐振路2-8號,0800-256866
屏東縣,東港鎮,鵬福觀光遊艇,屏東縣東港鎮鵬灣大道五段50號,0963-515930
屏東縣,東港鎮,味益食品行,屏東縣東港鎮新生三路129號,08-8335930
屏東縣,琉球鄉,蜜仔番薯糖,屏東縣琉球鄉中福村白沙觀光港10號商店,08-8612415
屏東縣,恆春鎮,7-11墾丁門市,屏東縣恆春鎮墾丁里墾丁路60號1樓,08-8862303
屏東縣,車城鄉,7-11車城門市,屏東縣車城鄉福安村中山路76號,08-8824246
屏東縣,萬丹鄉,社皮派出所,屏東縣萬丹鄉社口村社皮路二段399號,08-7073044
台東縣,關山鎮,7-11關山門市,臺東縣關山鎮和平路4號4之1號1樓,089-812792
台東縣,東河鄉,都蘭好的擺手創藝術小店,臺東縣東河鄉都蘭村61-2號,089-531702
台東縣,東河鄉,找得到民宿,臺東縣東河鄉東河村南東河421號,089-896638
台東縣,東河鄉,水往上流部落市集,臺東縣東河鄉台11線約148公里處,0980-154799
台東縣,成功鎮,7-11欣功門市,臺東縣成功鎮三民里大同路70號,089-854201
台東縣,關山鎮,關山親水公園,臺東縣關山鎮隆盛路1號,089-815035
台東縣,長濱鄉,長濱驛站,臺東縣長濱鄉長濱里長濱村13鄰299-1號,089-832589
台東縣,長濱鄉,7-11長濱門市,臺東縣長濱鄉2之5號,089-832918
台東縣,太麻里,7-11金崙門市,臺東縣太麻里鄉金崙路262-1號,089-771739
台東縣,大武鄉,全家臺東大竹店,臺東縣大武鄉大竹村大竹6號,089-760208
台東縣,池上鄉,全家池上車站店,臺東縣池上鄉忠孝路269號,089-719130
台東縣,池上鄉,台糖池上牧野渡假村,臺東縣池上鄉新興路110號,089-862736
台東縣,鹿野鄉,阿度的店,臺東縣鹿野鄉龍田村光榮路232號,089-550706
台東縣,鹿野鄉,7-11鹿野門市,臺東縣鹿野鄉中華路一段430號,089-550209
台東縣,臺東市,悠瑞客禮品工坊,臺東市大同路193號,089-332662
台東縣,臺東市,7-11知本睿豐門市,臺東市知本路三段7號,089-510783
台東縣,臺東市,伽藍安檢所,臺東市富岡街299號,089-280468
台東縣,東河鄉,都蘭派出所,臺東縣東河鄉都蘭村都蘭248號,089-531209
台東縣,成功鎮,都歷派出所,臺東縣成功鎮信義里都歷路46號,089-841290
台東縣,長濱鄉,寧埔派出所,臺東縣長濱鄉寧埔村寧埔08號,089-801257
台東縣,長濱鄉,樟原派出所,臺東縣長濱鄉樟原村1鄰10號,089-881027
台東縣,太麻里,美和派出所,臺東縣太麻里鄉美和村6鄰84-1號,089-512542
台東縣,太麻里,太麻里分駐所,臺東縣太麻里鄉泰和村太麻里街142號,089-781134
台東縣,太麻里,金崙派出所,臺東縣太麻里鄉金崙村439號,089-771086
台東縣,太麻里,多良派出所,臺東縣太麻里鄉多良村大溪262號,089-761368
台東縣,大武鄉,大武派出所,臺東縣大武鄉大武村大武街五十二號,089-791125
台東縣,大武鄉,尚武派出所,臺東縣大武鄉尚武村客庄路9號,089-791105
台東縣,達仁鄉,達仁派出所,臺東縣達仁鄉復興村100號,089-702247
台東縣,達仁鄉,森永派出所,臺東縣達仁鄉森永村6號,089-702297
台東縣,臺東市,溫泉派出所,臺東市青海路4段343號,089-512379
台東縣,池上鄉,池上檢查哨,臺東縣池上鄉福原村10鄰中山路211號,089-862004
台東縣,鹿野鄉,瑞豐派出所,臺東縣鹿野鄉瑞豐村10鄰中山路171號,089-811419
台東縣,鹿野鄉,鹿野分駐所,臺東縣鹿野鄉鹿野村9鄰中華路2段57號,089-551114
台東縣,卑南鄉,卑南分駐所,臺東縣卑南鄉賓朗村賓朗路440號,089-223820
花蓮縣,玉里鎮,春日派出所,花蓮縣玉里鎮春日里神農74號,03-8871134
花蓮縣,玉里鎮,觀音派出所,花蓮縣玉里鎮觀音里觀音14號,03-8851040
花蓮縣,花蓮市,TTA汽車公司,花蓮縣花蓮市富吉路1-8號,03-8465535
花蓮縣,花蓮市,洄瀾薯道,花蓮縣花蓮市中正路468號,03-8360777
花蓮縣,花蓮市,東大門國際觀光夜市福町管理委員會,花蓮縣花蓮市重慶路572號,937168555
花蓮縣,花蓮市,花蓮文化創意產業園區,花蓮縣花蓮市中華路144號,03-8313777
花蓮縣,鳳林鎮,讚炭工坊,花蓮縣鳳林鎮鳳義里正義街15號,03-8763488
花蓮縣,光復鄉,台糖花蓮觀光糖廠,花蓮縣光復鄉大進村糖廠街7巷2號,03-8704125
花蓮縣,瑞穗鄉,舞鶴茶園‧公主咖啡,花蓮縣瑞穗鄉舞鶴村中正南路二段336號,03-8870222
花蓮縣,豐濱鄉,北回歸線生活市集,花蓮縣豐濱鄉臺11線70.5公里處,0922-493078
花蓮縣,豐濱鄉,芭崎賣店,花蓮縣豐濱鄉芭崎48號,0916-005943
花蓮縣,富里鄉,富里鄉農會,花蓮縣富里鄉羅山村東湖9鄰6號,03-8821705
花蓮縣,新城鄉,日光微笑七星潭遊客中心,花蓮縣新城鄉大漢村七星街32號,03-8246546
花蓮縣,玉里鎮,甲思町華夫輕食,花蓮縣玉里鎮光復路196號,03-8886586
花蓮縣,玉里鎮,橋頭冰店,花蓮縣玉里鎮中華路79號,03-8886795
花蓮縣,吉安鄉,仁里派出所,花蓮縣吉安鄉仁里村中正路一段38號,03-8527894
花蓮縣,吉安鄉,吉安派出所,花蓮縣吉安鄉吉安村吉安路二段122號,03-8525894
花蓮縣,壽豐鄉,壽豐分駐所,花蓮縣壽豐鄉壽豐村壽山路22號,03-8651337
花蓮縣,壽豐鄉,月眉派出所,花蓮縣壽豐鄉月眉村月眉三段42號,03-8631001
花蓮縣,壽豐鄉,池南派出所,花蓮縣壽豐鄉池南村池南路2段13號,03-8641280
花蓮縣,壽豐鄉,鹽寮派出所,花蓮縣壽豐鄉鹽寮村鹽寮129號,03-8671200
花蓮縣,壽豐鄉,志學派出所,花蓮縣壽豐鄉志學村中山路2段238號,03-8661282
花蓮縣,秀林鄉,銅門派出所,花蓮縣秀林鄉銅門村9鄰銅門65號,03-8641051
花蓮縣,秀林鄉,加灣派出所,花蓮縣秀林鄉景美村加灣128-6號,03-8260769
花蓮縣,秀林鄉,富世派出所,花蓮縣秀林鄉富世村135號,03-8611344
花蓮縣,秀林鄉,和平派出所,花蓮縣秀林鄉和平村121號,03-8681034
花蓮縣,秀林鄉,天祥派出所,花蓮縣秀林鄉富世村天祥22-1號,03-8691139
花蓮縣,秀林鄉,合歡派出所,花蓮縣秀林鄉富世村關原30-1號,04-25991114
花蓮縣,鳳林鎮,南平派出所,花蓮縣鳳林鎮南平里自強路372號,03-8771594
花蓮縣,鳳林鎮,山興派出所,花蓮縣鳳林鎮山興里文山路7號,03-8741014
花蓮縣,鳳林鎮,長橋派出所,花蓮縣鳳林鎮長橋里91號,03-8751314
花蓮縣,光復鄉,大富派出所,花蓮縣光復鄉中正路一段23號,03-8731093
花蓮縣,瑞穗鄉,舞鶴派出所,花蓮縣瑞穗鄉舞鶴村59號,03-8872874
花蓮縣,瑞穗鄉,奇美派出所,花蓮縣瑞穗鄉奇美村20號,03-8991071
花蓮縣,豐濱鄉,新社派出所,花蓮縣豐濱鄉新社村108號,03-8711329
花蓮縣,豐濱鄉,豐濱分駐所,花蓮縣豐濱鄉豐濱村三民路104號,03-8791148
花蓮縣,玉里鎮,玉里派出所,花蓮縣玉里鎮博愛路200號,03-8882245
花蓮縣,玉里鎮,三民派出所,花蓮縣玉里鎮三民里三民26號,03-8841496
花蓮縣,玉里鎮,東里派出所,花蓮縣玉里鎮東里大莊5鄰38號,03-8861114
連江縣,南竿鄉,南竿警察所,連江縣南竿鄉介壽村260號,0836-22471
連江縣,南竿鄉,西區派出所,連江縣南竿鄉馬祖村,0836-25468
連江縣,南竿鄉,福澳派出所,連江縣南竿鄉福澳村129號,0836-22200
連江縣,北竿鄉,北竿警察所,連江縣北竿鄉塘岐村259號,0836-55234
連江縣,東引鄉,東引派出所,連江縣東引鄉木柳村121之1號,0836-77204
連江縣,莒光鄉,莒光警察所,連江縣莒光鄉田沃村66之4號,0836-88153
連江縣,莒光鄉,東莒派出所,連江縣莒光鄉大坪3號,0836-89046
連江縣,北竿鄉,發師傅 協和食品行,連江縣北竿鄉塘岐村229號,0836-55236
連江縣,南竿鄉,馬祖 1 青年民宿,連江縣南竿鄉津沙村 71 號,0836-23353
連江縣,南竿鄉,卡蹓英雄館,連江縣南竿鄉馬祖村101-1號,0836-25025
澎湖縣,馬公市,馬公市菜園社區發展協會,澎湖縣馬公市菜園里46-1號,06-9219426
澎湖縣,馬公市,澎坊股份有限公司,澎湖縣馬公市光華里172號,06-9216666
澎湖縣,馬公市,7號旅店,澎湖縣馬公市鎖港里387-3號,06-9953223
澎湖縣,馬公市,全家澎湖馬公店,澎湖縣馬公市重慶街61號,06-9276458
澎湖縣,馬公市,掌上明珠,澎湖縣馬公市長安里民族路39、41號,06-9272323
澎湖縣,馬公市,某個角落,澎湖縣馬公市中正路29號,06-9277380
澎湖縣,馬公市,沿著菊島旅行人文慢空間,澎湖縣馬公市中興路44號1樓,06-9260302
澎湖縣,湖西鄉,及林春咖啡館,澎湖縣湖西鄉林投村1號之3,06-9923639
澎湖縣,湖西鄉,白灣景觀餐廳,澎湖縣湖西鄉林投村26-9號,06-9920036
澎湖縣,湖西鄉,全家澎湖湖西店,澎湖縣湖西鄉湖西村65號,06-9923338
澎湖縣,湖西鄉,夢砌民宿,澎湖縣湖西鄉隘門村60號之1,06-9213328
澎湖縣,白沙鄉,隆成商行,澎湖縣白沙鄉講美村123-4號,06-9931133
澎湖縣,西嶼鄉,7-11漁翁門市,澎湖縣西嶼鄉外垵村113號,06-9981838
澎湖縣,西嶼鄉,星月灣田媽媽海田料理餐廳,澎湖縣西嶼鄉大池村131號,06-9984159
澎湖縣,望安鄉,全家澎湖望安店,澎湖縣望安鄉東安村2-13號,06-9991998
澎湖縣,七美鄉,全家澎湖七美店,澎湖縣七美鄉南港村26-17號,06-9971863
澎湖縣,馬公市,光明派出所,澎湖縣馬公市新生路201號,06-9272542
澎湖縣,馬公市,啟明派出所,澎湖縣馬公市啟明里仁愛路16號,06-9272541
澎湖縣,馬公市,文澳派出所,澎湖縣馬公市東文里5號,06-9214622
澎湖縣,馬公市,東衛派出所,澎湖縣馬公市東衛里12號,06-9211318
澎湖縣,馬公市,鎖港派出所,澎湖縣馬公市鎖港里1481號,06-9951024
澎湖縣,馬公市,虎井派出所,澎湖縣馬公市虎井里75-2號,06-9291112
澎湖縣,馬公市,桶盤駐在所,澎湖縣馬公市桶盤里1-8號,06-9291270
澎湖縣,湖西鄉,沙港派出所,澎湖縣湖西鄉沙港村138號,06-9210779
澎湖縣,湖西鄉,隘門派出所,澎湖縣湖西鄉隘門村1號,06-9210780
澎湖縣,湖西鄉,西溪派出所,澎湖縣湖西鄉西溪村126-1號,06-9921397
澎湖縣,湖西鄉,湖西分駐所,澎湖縣湖西鄉湖西村77號,06-9921022
澎湖縣,湖西鄉,龍門派出所,澎湖縣湖西鄉龍門村119-64號,06-9921434
澎湖縣,白沙鄉,白沙派出所,澎湖縣白沙鄉赤崁村135號,06-9931071
澎湖縣,白沙鄉,講美派出所,澎湖縣白沙鄉講美村103號,06-9931501
澎湖縣,白沙鄉,通梁派出所,澎湖縣白沙鄉通梁村149號,06-9931484
澎湖縣,白沙鄉,吉貝派出所,澎湖縣白沙鄉吉貝村7鄰1號,06-9911165
澎湖縣,白沙鄉,鳥嶼駐在所,澎湖縣白沙鄉鳥嶼村211號,06-9916170
澎湖縣,白沙鄉,員貝駐在所,澎湖縣白沙鄉員貝村65號,06-9932754
澎湖縣,白沙鄉,大倉駐在所,澎湖縣白沙鄉大倉村65號,06-9932790
澎湖縣,西嶼鄉,西嶼分駐所,澎湖縣西嶼鄉池東村214號,06-9981155
澎湖縣,西嶼鄉,竹灣派出所,澎湖縣西嶼鄉合界村1之9號,06-9981701
澎湖縣,西嶼鄉,外垵派出所,澎湖縣西嶼鄉外垵村12號,06-9981702
澎湖縣,望安鄉,東垵派出所,澎湖縣望安鄉東安村57號,06-9991343
澎湖縣,望安鄉,水垵派出所,澎湖縣望安鄉水垵村40號,06-9991345
澎湖縣,望安鄉,將軍派出所,澎湖縣望安鄉將軍村160號,06-9902112
澎湖縣,望安鄉,嶼坪派出所,澎湖縣望安鄉東嶼坪村45號,06-9991527
澎湖縣,望安鄉,花嶼派出所,澎湖縣望安鄉花嶼村45-1號,06-9991742
澎湖縣,望安鄉,雙吉派出所,澎湖縣望安鄉東吉村1-183號,06-9991119
澎湖縣,七美鄉,七美分駐所,澎湖縣七美鄉平和村104號,06-9971001
金門縣,金城鎮,金城派出所,金門縣金城鎮北門里民生路45巷1號,082-325539
金門縣,金寧鄉,金寧分駐所,金門縣金寧鄉盤山村仁愛新村2號,082-325520
金門縣,列嶼鄉,烈嶼分駐所,金門縣烈嶼鄉林湖村西路37號,082-362110
金門縣,金湖鎮,金湖派出所,金門縣金湖鎮黃海路90之3號,082-332559
金門縣,金沙鎮,金沙分駐所,金門縣金沙鎮汶沙里成功路1號,082-352260
金門縣,烏坵鄉,烏坵駐在所,金門縣烏坵鄉大坵村1之1號,082-666112
金門縣,金城鎮,海福飯店,金門縣金城鎮民權路85號,082-322538
